Insert into MONITORING_TYPE (MONITORING_TYPE_ID,NAME,DAY_PRICE) values ('2','Browser','50');
Insert into MONITORING_TYPE (MONITORING_TYPE_ID,NAME,DAY_PRICE) values ('1','HTTP','20');

Insert into USERS (USERS_ID,NAME,BUNDLE) values ('2','ota','20000');
Insert into USERS (USERS_ID,NAME,BUNDLE) values ('1','vasekric','5000');

Insert into ENTITY (ENTITY_ID,NAME,URI,PARAMS,USERS_ID,MONITORING_TYPE_ID) values ('3','Google.fi','https://google.fi','firefox','2','2');
Insert into ENTITY (ENTITY_ID,NAME,URI,PARAMS,USERS_ID,MONITORING_TYPE_ID) values ('1','Root','http://root.cz',null,'1','1');
Insert into ENTITY (ENTITY_ID,NAME,URI,PARAMS,USERS_ID,MONITORING_TYPE_ID) values ('2','Zdrojak','http://zdrojak.cz',null,'1','1');

Insert into LOCATION (LOCATION_ID,COUNTRY,CITY) values ('2','Finland','Helsinki');
Insert into LOCATION (LOCATION_ID,COUNTRY,CITY) values ('1','Czech Republic','Ostrava');

Insert into OBSERVER (OBSERVER_ID,NAME,CHANGED,ENTITY_CAPACITY_LEFT,MONITORING_TYPE_ID,LOCATION_ID) values ('3','Browser Observer',to_timestamp('02.05.15 00:00:00,000000000','DD.MM.RR HH24:MI:SSXFF'),'49','2','2');
Insert into OBSERVER (OBSERVER_ID,NAME,CHANGED,ENTITY_CAPACITY_LEFT,MONITORING_TYPE_ID,LOCATION_ID) values ('2','Http Observer 2',to_timestamp('02.05.15 15:34:03,000000000','DD.MM.RR HH24:MI:SSXFF'),'99','1','1');
Insert into OBSERVER (OBSERVER_ID,NAME,CHANGED,ENTITY_CAPACITY_LEFT,MONITORING_TYPE_ID,LOCATION_ID) values ('1','Http Observer',to_timestamp('02.05.15 00:00:00,000000000','DD.MM.RR HH24:MI:SSXFF'),'99','1','1');

Insert into STATUS_RULES (STATUS_RULES_ID,THRESHOLD_WARNING,THRESHOLD_ERROR,QUANTITY) values ('3','3000','11000','3');
Insert into STATUS_RULES (STATUS_RULES_ID,THRESHOLD_WARNING,THRESHOLD_ERROR,QUANTITY) values ('2','500','5000','5');
Insert into STATUS_RULES (STATUS_RULES_ID,THRESHOLD_WARNING,THRESHOLD_ERROR,QUANTITY) values ('1','500','5000','5');

Insert into SNIFF_CONFIG (SNIFF_CONFIG_ID,FREQUENCY,ENABLED,SUBSCRIPTION_TO,AUTO_SUBSCRIBE,OBSERVER_ID,ENTITY_ID,STATUS_RULES_ID) values ('3','240','1',to_timestamp('18.06.15 00:00:00,000000000','DD.MM.RR HH24:MI:SSXFF'),'0','3','3','3');
Insert into SNIFF_CONFIG (SNIFF_CONFIG_ID,FREQUENCY,ENABLED,SUBSCRIPTION_TO,AUTO_SUBSCRIBE,OBSERVER_ID,ENTITY_ID,STATUS_RULES_ID) values ('2','50','1',to_timestamp('02.05.15 01:00:00,000000000','DD.MM.RR HH24:MI:SSXFF'),'0','1','1','2');
Insert into SNIFF_CONFIG (SNIFF_CONFIG_ID,FREQUENCY,ENABLED,SUBSCRIPTION_TO,AUTO_SUBSCRIBE,OBSERVER_ID,ENTITY_ID,STATUS_RULES_ID) values ('1','50','1',to_timestamp('10.06.15 00:00:00,000000000','DD.MM.RR HH24:MI:SSXFF'),'0','2','1','1');

Insert into SNAPSHOT (SNAPSHOT_ID,TIMESTAMP,RESPONSE_TIME,ORIG_RETURN_VALUE,ORIG_RETURN_DESC,ORIG_STATUS_ID,ORIG_REQUEST,ORIG_RESPONSE,OBSERVER_ID,ENTITY_ID) values ('1',to_timestamp('02.05.15 18:38:17,000000000','DD.MM.RR HH24:MI:SSXFF'),'4553','200','OK','1','PING site','PONG','1','1');
Insert into SNAPSHOT (SNAPSHOT_ID,TIMESTAMP,RESPONSE_TIME,ORIG_RETURN_VALUE,ORIG_RETURN_DESC,ORIG_STATUS_ID,ORIG_REQUEST,ORIG_RESPONSE,OBSERVER_ID,ENTITY_ID) values ('2',to_timestamp('02.05.15 18:38:17,000000000','DD.MM.RR HH24:MI:SSXFF'),'793','200','OK','1','PING site','PONG','1','1');
Insert into SNAPSHOT (SNAPSHOT_ID,TIMESTAMP,RESPONSE_TIME,ORIG_RETURN_VALUE,ORIG_RETURN_DESC,ORIG_STATUS_ID,ORIG_REQUEST,ORIG_RESPONSE,OBSERVER_ID,ENTITY_ID) values ('3',to_timestamp('02.05.15 18:38:17,000000000','DD.MM.RR HH24:MI:SSXFF'),'1862','200','OK','1','PING site','PONG','2','1');
Insert into SNAPSHOT (SNAPSHOT_ID,TIMESTAMP,RESPONSE_TIME,ORIG_RETURN_VALUE,ORIG_RETURN_DESC,ORIG_STATUS_ID,ORIG_REQUEST,ORIG_RESPONSE,OBSERVER_ID,ENTITY_ID) values ('4',to_timestamp('02.05.15 18:38:27,000000000','DD.MM.RR HH24:MI:SSXFF'),'8025','200','OK','1','PING site','PONG','1','1');
Insert into SNAPSHOT (SNAPSHOT_ID,TIMESTAMP,RESPONSE_TIME,ORIG_RETURN_VALUE,ORIG_RETURN_DESC,ORIG_STATUS_ID,ORIG_REQUEST,ORIG_RESPONSE,OBSERVER_ID,ENTITY_ID) values ('5',to_timestamp('02.05.15 18:38:28,000000000','DD.MM.RR HH24:MI:SSXFF'),'6580','200','OK','1','PING site','PONG','1','1');
Insert into SNAPSHOT (SNAPSHOT_ID,TIMESTAMP,RESPONSE_TIME,ORIG_RETURN_VALUE,ORIG_RETURN_DESC,ORIG_STATUS_ID,ORIG_REQUEST,ORIG_RESPONSE,OBSERVER_ID,ENTITY_ID) values ('6',to_timestamp('02.05.15 18:38:28,000000000','DD.MM.RR HH24:MI:SSXFF'),'2349','200','OK','1','PING site','PONG','2','1');
Insert into SNAPSHOT (SNAPSHOT_ID,TIMESTAMP,RESPONSE_TIME,ORIG_RETURN_VALUE,ORIG_RETURN_DESC,ORIG_STATUS_ID,ORIG_REQUEST,ORIG_RESPONSE,OBSERVER_ID,ENTITY_ID) values ('7',to_timestamp('02.05.15 18:38:38,000000000','DD.MM.RR HH24:MI:SSXFF'),'2084','200','OK','1','PING site','PONG','1','1');
Insert into SNAPSHOT (SNAPSHOT_ID,TIMESTAMP,RESPONSE_TIME,ORIG_RETURN_VALUE,ORIG_RETURN_DESC,ORIG_STATUS_ID,ORIG_REQUEST,ORIG_RESPONSE,OBSERVER_ID,ENTITY_ID) values ('8',to_timestamp('02.05.15 18:38:38,000000000','DD.MM.RR HH24:MI:SSXFF'),'9489','200','OK','1','PING site','PONG','1','1');
Insert into SNAPSHOT (SNAPSHOT_ID,TIMESTAMP,RESPONSE_TIME,ORIG_RETURN_VALUE,ORIG_RETURN_DESC,ORIG_STATUS_ID,ORIG_REQUEST,ORIG_RESPONSE,OBSERVER_ID,ENTITY_ID) values ('9',to_timestamp('02.05.15 18:38:38,000000000','DD.MM.RR HH24:MI:SSXFF'),'1377','200','OK','1','PING site','PONG','2','1');
Insert into SNAPSHOT (SNAPSHOT_ID,TIMESTAMP,RESPONSE_TIME,ORIG_RETURN_VALUE,ORIG_RETURN_DESC,ORIG_STATUS_ID,ORIG_REQUEST,ORIG_RESPONSE,OBSERVER_ID,ENTITY_ID) values ('10',to_timestamp('02.05.15 18:38:48,000000000','DD.MM.RR HH24:MI:SSXFF'),'3441','200','OK','1','PING site','PONG','1','1');
Insert into SNAPSHOT (SNAPSHOT_ID,TIMESTAMP,RESPONSE_TIME,ORIG_RETURN_VALUE,ORIG_RETURN_DESC,ORIG_STATUS_ID,ORIG_REQUEST,ORIG_RESPONSE,OBSERVER_ID,ENTITY_ID) values ('11',to_timestamp('02.05.15 18:38:48,000000000','DD.MM.RR HH24:MI:SSXFF'),'2160','200','OK','1','PING site','PONG','1','1');
Insert into SNAPSHOT (SNAPSHOT_ID,TIMESTAMP,RESPONSE_TIME,ORIG_RETURN_VALUE,ORIG_RETURN_DESC,ORIG_STATUS_ID,ORIG_REQUEST,ORIG_RESPONSE,OBSERVER_ID,ENTITY_ID) values ('12',to_timestamp('02.05.15 18:38:48,000000000','DD.MM.RR HH24:MI:SSXFF'),'2106','200','OK','1','PING site','PONG','2','1');
Insert into SNAPSHOT (SNAPSHOT_ID,TIMESTAMP,RESPONSE_TIME,ORIG_RETURN_VALUE,ORIG_RETURN_DESC,ORIG_STATUS_ID,ORIG_REQUEST,ORIG_RESPONSE,OBSERVER_ID,ENTITY_ID) values ('13',to_timestamp('02.05.15 18:38:58,000000000','DD.MM.RR HH24:MI:SSXFF'),'2434','200','OK','1','PING site','PONG','1','1');
Insert into SNAPSHOT (SNAPSHOT_ID,TIMESTAMP,RESPONSE_TIME,ORIG_RETURN_VALUE,ORIG_RETURN_DESC,ORIG_STATUS_ID,ORIG_REQUEST,ORIG_RESPONSE,OBSERVER_ID,ENTITY_ID) values ('14',to_timestamp('02.05.15 18:38:58,000000000','DD.MM.RR HH24:MI:SSXFF'),'2291','200','OK','1','PING site','PONG','1','1');
Insert into SNAPSHOT (SNAPSHOT_ID,TIMESTAMP,RESPONSE_TIME,ORIG_RETURN_VALUE,ORIG_RETURN_DESC,ORIG_STATUS_ID,ORIG_REQUEST,ORIG_RESPONSE,OBSERVER_ID,ENTITY_ID) values ('15',to_timestamp('02.05.15 18:38:58,000000000','DD.MM.RR HH24:MI:SSXFF'),'993','200','OK','1','PING site','PONG','2','1');
Insert into SNAPSHOT (SNAPSHOT_ID,TIMESTAMP,RESPONSE_TIME,ORIG_RETURN_VALUE,ORIG_RETURN_DESC,ORIG_STATUS_ID,ORIG_REQUEST,ORIG_RESPONSE,OBSERVER_ID,ENTITY_ID) values ('16',to_timestamp('02.05.15 18:39:08,000000000','DD.MM.RR HH24:MI:SSXFF'),'9482','200','OK','1','PING site','PONG','1','1');
Insert into SNAPSHOT (SNAPSHOT_ID,TIMESTAMP,RESPONSE_TIME,ORIG_RETURN_VALUE,ORIG_RETURN_DESC,ORIG_STATUS_ID,ORIG_REQUEST,ORIG_RESPONSE,OBSERVER_ID,ENTITY_ID) values ('17',to_timestamp('02.05.15 18:39:08,000000000','DD.MM.RR HH24:MI:SSXFF'),'9491','200','OK','1','PING site','PONG','1','1');
Insert into SNAPSHOT (SNAPSHOT_ID,TIMESTAMP,RESPONSE_TIME,ORIG_RETURN_VALUE,ORIG_RETURN_DESC,ORIG_STATUS_ID,ORIG_REQUEST,ORIG_RESPONSE,OBSERVER_ID,ENTITY_ID) values ('18',to_timestamp('02.05.15 18:39:08,000000000','DD.MM.RR HH24:MI:SSXFF'),'1809','200','OK','1','PING site','PONG','2','1');
Insert into SNAPSHOT (SNAPSHOT_ID,TIMESTAMP,RESPONSE_TIME,ORIG_RETURN_VALUE,ORIG_RETURN_DESC,ORIG_STATUS_ID,ORIG_REQUEST,ORIG_RESPONSE,OBSERVER_ID,ENTITY_ID) values ('19',to_timestamp('02.05.15 18:39:19,000000000','DD.MM.RR HH24:MI:SSXFF'),'7942','200','OK','1','PING site','PONG','1','1');
Insert into SNAPSHOT (SNAPSHOT_ID,TIMESTAMP,RESPONSE_TIME,ORIG_RETURN_VALUE,ORIG_RETURN_DESC,ORIG_STATUS_ID,ORIG_REQUEST,ORIG_RESPONSE,OBSERVER_ID,ENTITY_ID) values ('20',to_timestamp('02.05.15 18:39:19,000000000','DD.MM.RR HH24:MI:SSXFF'),'851','200','OK','1','PING site','PONG','1','1');
Insert into SNAPSHOT (SNAPSHOT_ID,TIMESTAMP,RESPONSE_TIME,ORIG_RETURN_VALUE,ORIG_RETURN_DESC,ORIG_STATUS_ID,ORIG_REQUEST,ORIG_RESPONSE,OBSERVER_ID,ENTITY_ID) values ('21',to_timestamp('02.05.15 18:39:19,000000000','DD.MM.RR HH24:MI:SSXFF'),'6473','200','OK','1','PING site','PONG','2','1');
Insert into SNAPSHOT (SNAPSHOT_ID,TIMESTAMP,RESPONSE_TIME,ORIG_RETURN_VALUE,ORIG_RETURN_DESC,ORIG_STATUS_ID,ORIG_REQUEST,ORIG_RESPONSE,OBSERVER_ID,ENTITY_ID) values ('22',to_timestamp('02.05.15 18:39:29,000000000','DD.MM.RR HH24:MI:SSXFF'),'2221','200','OK','1','PING site','PONG','1','1');
Insert into SNAPSHOT (SNAPSHOT_ID,TIMESTAMP,RESPONSE_TIME,ORIG_RETURN_VALUE,ORIG_RETURN_DESC,ORIG_STATUS_ID,ORIG_REQUEST,ORIG_RESPONSE,OBSERVER_ID,ENTITY_ID) values ('23',to_timestamp('02.05.15 18:39:29,000000000','DD.MM.RR HH24:MI:SSXFF'),'3091','200','OK','1','PING site','PONG','1','1');
Insert into SNAPSHOT (SNAPSHOT_ID,TIMESTAMP,RESPONSE_TIME,ORIG_RETURN_VALUE,ORIG_RETURN_DESC,ORIG_STATUS_ID,ORIG_REQUEST,ORIG_RESPONSE,OBSERVER_ID,ENTITY_ID) values ('24',to_timestamp('02.05.15 18:39:29,000000000','DD.MM.RR HH24:MI:SSXFF'),'3937','200','OK','1','PING site','PONG','2','1');
Insert into SNAPSHOT (SNAPSHOT_ID,TIMESTAMP,RESPONSE_TIME,ORIG_RETURN_VALUE,ORIG_RETURN_DESC,ORIG_STATUS_ID,ORIG_REQUEST,ORIG_RESPONSE,OBSERVER_ID,ENTITY_ID) values ('25',to_timestamp('02.05.15 18:39:39,000000000','DD.MM.RR HH24:MI:SSXFF'),'2532','200','OK','1','PING site','PONG','1','1');
Insert into SNAPSHOT (SNAPSHOT_ID,TIMESTAMP,RESPONSE_TIME,ORIG_RETURN_VALUE,ORIG_RETURN_DESC,ORIG_STATUS_ID,ORIG_REQUEST,ORIG_RESPONSE,OBSERVER_ID,ENTITY_ID) values ('26',to_timestamp('02.05.15 18:39:39,000000000','DD.MM.RR HH24:MI:SSXFF'),'368','200','OK','1','PING site','PONG','1','1');
Insert into SNAPSHOT (SNAPSHOT_ID,TIMESTAMP,RESPONSE_TIME,ORIG_RETURN_VALUE,ORIG_RETURN_DESC,ORIG_STATUS_ID,ORIG_REQUEST,ORIG_RESPONSE,OBSERVER_ID,ENTITY_ID) values ('27',to_timestamp('02.05.15 18:39:39,000000000','DD.MM.RR HH24:MI:SSXFF'),'7990','200','OK','1','PING site','PONG','2','1');
Insert into SNAPSHOT (SNAPSHOT_ID,TIMESTAMP,RESPONSE_TIME,ORIG_RETURN_VALUE,ORIG_RETURN_DESC,ORIG_STATUS_ID,ORIG_REQUEST,ORIG_RESPONSE,OBSERVER_ID,ENTITY_ID) values ('28',to_timestamp('02.05.15 18:39:49,000000000','DD.MM.RR HH24:MI:SSXFF'),'8163','200','OK','1','PING site','PONG','1','1');
Insert into SNAPSHOT (SNAPSHOT_ID,TIMESTAMP,RESPONSE_TIME,ORIG_RETURN_VALUE,ORIG_RETURN_DESC,ORIG_STATUS_ID,ORIG_REQUEST,ORIG_RESPONSE,OBSERVER_ID,ENTITY_ID) values ('29',to_timestamp('02.05.15 18:39:49,000000000','DD.MM.RR HH24:MI:SSXFF'),'8788','200','OK','1','PING site','PONG','1','1');
Insert into SNAPSHOT (SNAPSHOT_ID,TIMESTAMP,RESPONSE_TIME,ORIG_RETURN_VALUE,ORIG_RETURN_DESC,ORIG_STATUS_ID,ORIG_REQUEST,ORIG_RESPONSE,OBSERVER_ID,ENTITY_ID) values ('30',to_timestamp('02.05.15 18:39:49,000000000','DD.MM.RR HH24:MI:SSXFF'),'2055','200','OK','1','PING site','PONG','2','1');
Insert into SNAPSHOT (SNAPSHOT_ID,TIMESTAMP,RESPONSE_TIME,ORIG_RETURN_VALUE,ORIG_RETURN_DESC,ORIG_STATUS_ID,ORIG_REQUEST,ORIG_RESPONSE,OBSERVER_ID,ENTITY_ID) values ('31',to_timestamp('02.05.15 18:39:59,000000000','DD.MM.RR HH24:MI:SSXFF'),'9992','200','OK','1','PING site','PONG','1','1');
Insert into SNAPSHOT (SNAPSHOT_ID,TIMESTAMP,RESPONSE_TIME,ORIG_RETURN_VALUE,ORIG_RETURN_DESC,ORIG_STATUS_ID,ORIG_REQUEST,ORIG_RESPONSE,OBSERVER_ID,ENTITY_ID) values ('32',to_timestamp('02.05.15 18:39:59,000000000','DD.MM.RR HH24:MI:SSXFF'),'3875','200','OK','1','PING site','PONG','1','1');
Insert into SNAPSHOT (SNAPSHOT_ID,TIMESTAMP,RESPONSE_TIME,ORIG_RETURN_VALUE,ORIG_RETURN_DESC,ORIG_STATUS_ID,ORIG_REQUEST,ORIG_RESPONSE,OBSERVER_ID,ENTITY_ID) values ('33',to_timestamp('02.05.15 18:39:59,000000000','DD.MM.RR HH24:MI:SSXFF'),'3975','200','OK','1','PING site','PONG','2','1');
Insert into SNAPSHOT (SNAPSHOT_ID,TIMESTAMP,RESPONSE_TIME,ORIG_RETURN_VALUE,ORIG_RETURN_DESC,ORIG_STATUS_ID,ORIG_REQUEST,ORIG_RESPONSE,OBSERVER_ID,ENTITY_ID) values ('34',to_timestamp('02.05.15 18:40:10,000000000','DD.MM.RR HH24:MI:SSXFF'),'7631','200','OK','1','PING site','PONG','1','1');
Insert into SNAPSHOT (SNAPSHOT_ID,TIMESTAMP,RESPONSE_TIME,ORIG_RETURN_VALUE,ORIG_RETURN_DESC,ORIG_STATUS_ID,ORIG_REQUEST,ORIG_RESPONSE,OBSERVER_ID,ENTITY_ID) values ('35',to_timestamp('02.05.15 18:40:10,000000000','DD.MM.RR HH24:MI:SSXFF'),'4591','200','OK','1','PING site','PONG','1','1');
Insert into SNAPSHOT (SNAPSHOT_ID,TIMESTAMP,RESPONSE_TIME,ORIG_RETURN_VALUE,ORIG_RETURN_DESC,ORIG_STATUS_ID,ORIG_REQUEST,ORIG_RESPONSE,OBSERVER_ID,ENTITY_ID) values ('36',to_timestamp('02.05.15 18:40:10,000000000','DD.MM.RR HH24:MI:SSXFF'),'5780','200','OK','1','PING site','PONG','2','1');
Insert into SNAPSHOT (SNAPSHOT_ID,TIMESTAMP,RESPONSE_TIME,ORIG_RETURN_VALUE,ORIG_RETURN_DESC,ORIG_STATUS_ID,ORIG_REQUEST,ORIG_RESPONSE,OBSERVER_ID,ENTITY_ID) values ('37',to_timestamp('02.05.15 18:40:20,000000000','DD.MM.RR HH24:MI:SSXFF'),'3504','200','OK','1','PING site','PONG','1','1');
Insert into SNAPSHOT (SNAPSHOT_ID,TIMESTAMP,RESPONSE_TIME,ORIG_RETURN_VALUE,ORIG_RETURN_DESC,ORIG_STATUS_ID,ORIG_REQUEST,ORIG_RESPONSE,OBSERVER_ID,ENTITY_ID) values ('38',to_timestamp('02.05.15 18:40:20,000000000','DD.MM.RR HH24:MI:SSXFF'),'7337','200','OK','1','PING site','PONG','1','1');
Insert into SNAPSHOT (SNAPSHOT_ID,TIMESTAMP,RESPONSE_TIME,ORIG_RETURN_VALUE,ORIG_RETURN_DESC,ORIG_STATUS_ID,ORIG_REQUEST,ORIG_RESPONSE,OBSERVER_ID,ENTITY_ID) values ('39',to_timestamp('02.05.15 18:40:20,000000000','DD.MM.RR HH24:MI:SSXFF'),'8991','200','OK','1','PING site','PONG','2','1');
Insert into SNAPSHOT (SNAPSHOT_ID,TIMESTAMP,RESPONSE_TIME,ORIG_RETURN_VALUE,ORIG_RETURN_DESC,ORIG_STATUS_ID,ORIG_REQUEST,ORIG_RESPONSE,OBSERVER_ID,ENTITY_ID) values ('40',to_timestamp('02.05.15 18:40:30,000000000','DD.MM.RR HH24:MI:SSXFF'),'1207','200','OK','1','PING site','PONG','1','1');
Insert into SNAPSHOT (SNAPSHOT_ID,TIMESTAMP,RESPONSE_TIME,ORIG_RETURN_VALUE,ORIG_RETURN_DESC,ORIG_STATUS_ID,ORIG_REQUEST,ORIG_RESPONSE,OBSERVER_ID,ENTITY_ID) values ('41',to_timestamp('02.05.15 18:40:30,000000000','DD.MM.RR HH24:MI:SSXFF'),'9028','200','OK','1','PING site','PONG','1','1');
Insert into SNAPSHOT (SNAPSHOT_ID,TIMESTAMP,RESPONSE_TIME,ORIG_RETURN_VALUE,ORIG_RETURN_DESC,ORIG_STATUS_ID,ORIG_REQUEST,ORIG_RESPONSE,OBSERVER_ID,ENTITY_ID) values ('42',to_timestamp('02.05.15 18:40:30,000000000','DD.MM.RR HH24:MI:SSXFF'),'7625','200','OK','1','PING site','PONG','2','1');
Insert into SNAPSHOT (SNAPSHOT_ID,TIMESTAMP,RESPONSE_TIME,ORIG_RETURN_VALUE,ORIG_RETURN_DESC,ORIG_STATUS_ID,ORIG_REQUEST,ORIG_RESPONSE,OBSERVER_ID,ENTITY_ID) values ('43',to_timestamp('02.05.15 18:40:40,000000000','DD.MM.RR HH24:MI:SSXFF'),'8272','200','OK','1','PING site','PONG','1','1');
Insert into SNAPSHOT (SNAPSHOT_ID,TIMESTAMP,RESPONSE_TIME,ORIG_RETURN_VALUE,ORIG_RETURN_DESC,ORIG_STATUS_ID,ORIG_REQUEST,ORIG_RESPONSE,OBSERVER_ID,ENTITY_ID) values ('44',to_timestamp('02.05.15 18:40:40,000000000','DD.MM.RR HH24:MI:SSXFF'),'5498','200','OK','1','PING site','PONG','1','1');
Insert into SNAPSHOT (SNAPSHOT_ID,TIMESTAMP,RESPONSE_TIME,ORIG_RETURN_VALUE,ORIG_RETURN_DESC,ORIG_STATUS_ID,ORIG_REQUEST,ORIG_RESPONSE,OBSERVER_ID,ENTITY_ID) values ('45',to_timestamp('02.05.15 18:40:40,000000000','DD.MM.RR HH24:MI:SSXFF'),'2765','200','OK','1','PING site','PONG','2','1');
Insert into SNAPSHOT (SNAPSHOT_ID,TIMESTAMP,RESPONSE_TIME,ORIG_RETURN_VALUE,ORIG_RETURN_DESC,ORIG_STATUS_ID,ORIG_REQUEST,ORIG_RESPONSE,OBSERVER_ID,ENTITY_ID) values ('147',to_timestamp('03.05.15 18:45:10,826000000','DD.MM.RR HH24:MI:SSXFF'),'12169','200','OK','1','PING site','PONG','3','3');
Insert into SNAPSHOT (SNAPSHOT_ID,TIMESTAMP,RESPONSE_TIME,ORIG_RETURN_VALUE,ORIG_RETURN_DESC,ORIG_STATUS_ID,ORIG_REQUEST,ORIG_RESPONSE,OBSERVER_ID,ENTITY_ID) values ('148',to_timestamp('03.05.15 18:45:11,433000000','DD.MM.RR HH24:MI:SSXFF'),'12828','200','OK','1','PING site','PONG','1','1');
Insert into SNAPSHOT (SNAPSHOT_ID,TIMESTAMP,RESPONSE_TIME,ORIG_RETURN_VALUE,ORIG_RETURN_DESC,ORIG_STATUS_ID,ORIG_REQUEST,ORIG_RESPONSE,OBSERVER_ID,ENTITY_ID) values ('149',to_timestamp('03.05.15 18:45:11,501000000','DD.MM.RR HH24:MI:SSXFF'),'4646','200','OK','1','PING site','PONG','2','1');
Insert into SNAPSHOT (SNAPSHOT_ID,TIMESTAMP,RESPONSE_TIME,ORIG_RETURN_VALUE,ORIG_RETURN_DESC,ORIG_STATUS_ID,ORIG_REQUEST,ORIG_RESPONSE,OBSERVER_ID,ENTITY_ID) values ('150',to_timestamp('03.05.15 18:45:21,593000000','DD.MM.RR HH24:MI:SSXFF'),'5174','200','OK','1','PING site','PONG','3','3');
Insert into SNAPSHOT (SNAPSHOT_ID,TIMESTAMP,RESPONSE_TIME,ORIG_RETURN_VALUE,ORIG_RETURN_DESC,ORIG_STATUS_ID,ORIG_REQUEST,ORIG_RESPONSE,OBSERVER_ID,ENTITY_ID) values ('151',to_timestamp('03.05.15 18:45:21,659000000','DD.MM.RR HH24:MI:SSXFF'),'2578','200','OK','1','PING site','PONG','1','1');
Insert into SNAPSHOT (SNAPSHOT_ID,TIMESTAMP,RESPONSE_TIME,ORIG_RETURN_VALUE,ORIG_RETURN_DESC,ORIG_STATUS_ID,ORIG_REQUEST,ORIG_RESPONSE,OBSERVER_ID,ENTITY_ID) values ('152',to_timestamp('03.05.15 18:45:21,722000000','DD.MM.RR HH24:MI:SSXFF'),'2210','200','OK','1','PING site','PONG','2','1');
Insert into SNAPSHOT (SNAPSHOT_ID,TIMESTAMP,RESPONSE_TIME,ORIG_RETURN_VALUE,ORIG_RETURN_DESC,ORIG_STATUS_ID,ORIG_REQUEST,ORIG_RESPONSE,OBSERVER_ID,ENTITY_ID) values ('153',to_timestamp('03.05.15 18:45:31,815000000','DD.MM.RR HH24:MI:SSXFF'),'3285','200','OK','1','PING site','PONG','3','3');
Insert into SNAPSHOT (SNAPSHOT_ID,TIMESTAMP,RESPONSE_TIME,ORIG_RETURN_VALUE,ORIG_RETURN_DESC,ORIG_STATUS_ID,ORIG_REQUEST,ORIG_RESPONSE,OBSERVER_ID,ENTITY_ID) values ('154',to_timestamp('03.05.15 18:45:31,876000000','DD.MM.RR HH24:MI:SSXFF'),'7970','200','OK','1','PING site','PONG','1','1');
Insert into SNAPSHOT (SNAPSHOT_ID,TIMESTAMP,RESPONSE_TIME,ORIG_RETURN_VALUE,ORIG_RETURN_DESC,ORIG_STATUS_ID,ORIG_REQUEST,ORIG_RESPONSE,OBSERVER_ID,ENTITY_ID) values ('155',to_timestamp('03.05.15 18:45:32,106000000','DD.MM.RR HH24:MI:SSXFF'),'2855','200','OK','1','PING site','PONG','2','1');
Insert into SNAPSHOT (SNAPSHOT_ID,TIMESTAMP,RESPONSE_TIME,ORIG_RETURN_VALUE,ORIG_RETURN_DESC,ORIG_STATUS_ID,ORIG_REQUEST,ORIG_RESPONSE,OBSERVER_ID,ENTITY_ID) values ('156',to_timestamp('03.05.15 18:45:42,291000000','DD.MM.RR HH24:MI:SSXFF'),'10538','200','OK','1','PING site','PONG','3','3');
Insert into SNAPSHOT (SNAPSHOT_ID,TIMESTAMP,RESPONSE_TIME,ORIG_RETURN_VALUE,ORIG_RETURN_DESC,ORIG_STATUS_ID,ORIG_REQUEST,ORIG_RESPONSE,OBSERVER_ID,ENTITY_ID) values ('157',to_timestamp('03.05.15 18:45:42,438000000','DD.MM.RR HH24:MI:SSXFF'),'314','200','OK','1','PING site','PONG','1','1');
Insert into SNAPSHOT (SNAPSHOT_ID,TIMESTAMP,RESPONSE_TIME,ORIG_RETURN_VALUE,ORIG_RETURN_DESC,ORIG_STATUS_ID,ORIG_REQUEST,ORIG_RESPONSE,OBSERVER_ID,ENTITY_ID) values ('158',to_timestamp('03.05.15 18:45:42,593000000','DD.MM.RR HH24:MI:SSXFF'),'9888','200','OK','1','PING site','PONG','2','1');
Insert into SNAPSHOT (SNAPSHOT_ID,TIMESTAMP,RESPONSE_TIME,ORIG_RETURN_VALUE,ORIG_RETURN_DESC,ORIG_STATUS_ID,ORIG_REQUEST,ORIG_RESPONSE,OBSERVER_ID,ENTITY_ID) values ('159',to_timestamp('03.05.15 18:45:52,771000000','DD.MM.RR HH24:MI:SSXFF'),'12994','200','OK','1','PING site','PONG','3','3');
Insert into SNAPSHOT (SNAPSHOT_ID,TIMESTAMP,RESPONSE_TIME,ORIG_RETURN_VALUE,ORIG_RETURN_DESC,ORIG_STATUS_ID,ORIG_REQUEST,ORIG_RESPONSE,OBSERVER_ID,ENTITY_ID) values ('160',to_timestamp('03.05.15 18:45:52,832000000','DD.MM.RR HH24:MI:SSXFF'),'12640','200','OK','1','PING site','PONG','1','1');
Insert into SNAPSHOT (SNAPSHOT_ID,TIMESTAMP,RESPONSE_TIME,ORIG_RETURN_VALUE,ORIG_RETURN_DESC,ORIG_STATUS_ID,ORIG_REQUEST,ORIG_RESPONSE,OBSERVER_ID,ENTITY_ID) values ('161',to_timestamp('03.05.15 18:45:52,891000000','DD.MM.RR HH24:MI:SSXFF'),'12032','200','OK','1','PING site','PONG','2','1');
Insert into SNAPSHOT (SNAPSHOT_ID,TIMESTAMP,RESPONSE_TIME,ORIG_RETURN_VALUE,ORIG_RETURN_DESC,ORIG_STATUS_ID,ORIG_REQUEST,ORIG_RESPONSE,OBSERVER_ID,ENTITY_ID) values ('162',to_timestamp('03.05.15 18:46:03,024000000','DD.MM.RR HH24:MI:SSXFF'),'7036','200','OK','1','PING site','PONG','3','3');
Insert into SNAPSHOT (SNAPSHOT_ID,TIMESTAMP,RESPONSE_TIME,ORIG_RETURN_VALUE,ORIG_RETURN_DESC,ORIG_STATUS_ID,ORIG_REQUEST,ORIG_RESPONSE,OBSERVER_ID,ENTITY_ID) values ('163',to_timestamp('03.05.15 18:46:03,172000000','DD.MM.RR HH24:MI:SSXFF'),'500','200','OK','1','PING site','PONG','1','1');
Insert into SNAPSHOT (SNAPSHOT_ID,TIMESTAMP,RESPONSE_TIME,ORIG_RETURN_VALUE,ORIG_RETURN_DESC,ORIG_STATUS_ID,ORIG_REQUEST,ORIG_RESPONSE,OBSERVER_ID,ENTITY_ID) values ('164',to_timestamp('03.05.15 18:46:03,295000000','DD.MM.RR HH24:MI:SSXFF'),'12437','200','OK','1','PING site','PONG','2','1');
Insert into SNAPSHOT (SNAPSHOT_ID,TIMESTAMP,RESPONSE_TIME,ORIG_RETURN_VALUE,ORIG_RETURN_DESC,ORIG_STATUS_ID,ORIG_REQUEST,ORIG_RESPONSE,OBSERVER_ID,ENTITY_ID) values ('165',to_timestamp('03.05.15 18:46:13,481000000','DD.MM.RR HH24:MI:SSXFF'),'7724','200','OK','1','PING site','PONG','3','3');
Insert into SNAPSHOT (SNAPSHOT_ID,TIMESTAMP,RESPONSE_TIME,ORIG_RETURN_VALUE,ORIG_RETURN_DESC,ORIG_STATUS_ID,ORIG_REQUEST,ORIG_RESPONSE,OBSERVER_ID,ENTITY_ID) values ('166',to_timestamp('03.05.15 18:46:13,740000000','DD.MM.RR HH24:MI:SSXFF'),'2158','200','OK','1','PING site','PONG','1','1');
Insert into SNAPSHOT (SNAPSHOT_ID,TIMESTAMP,RESPONSE_TIME,ORIG_RETURN_VALUE,ORIG_RETURN_DESC,ORIG_STATUS_ID,ORIG_REQUEST,ORIG_RESPONSE,OBSERVER_ID,ENTITY_ID) values ('167',to_timestamp('03.05.15 18:46:13,959000000','DD.MM.RR HH24:MI:SSXFF'),'8462','200','OK','1','PING site','PONG','2','1');
Insert into SNAPSHOT (SNAPSHOT_ID,TIMESTAMP,RESPONSE_TIME,ORIG_RETURN_VALUE,ORIG_RETURN_DESC,ORIG_STATUS_ID,ORIG_REQUEST,ORIG_RESPONSE,OBSERVER_ID,ENTITY_ID) values ('168',to_timestamp('03.05.15 18:46:24,108000000','DD.MM.RR HH24:MI:SSXFF'),'9563','200','OK','1','PING site','PONG','3','3');
Insert into SNAPSHOT (SNAPSHOT_ID,TIMESTAMP,RESPONSE_TIME,ORIG_RETURN_VALUE,ORIG_RETURN_DESC,ORIG_STATUS_ID,ORIG_REQUEST,ORIG_RESPONSE,OBSERVER_ID,ENTITY_ID) values ('169',to_timestamp('03.05.15 18:46:24,180000000','DD.MM.RR HH24:MI:SSXFF'),'241','200','OK','1','PING site','PONG','1','1');
Insert into SNAPSHOT (SNAPSHOT_ID,TIMESTAMP,RESPONSE_TIME,ORIG_RETURN_VALUE,ORIG_RETURN_DESC,ORIG_STATUS_ID,ORIG_REQUEST,ORIG_RESPONSE,OBSERVER_ID,ENTITY_ID) values ('170',to_timestamp('03.05.15 18:46:24,244000000','DD.MM.RR HH24:MI:SSXFF'),'9114','200','OK','1','PING site','PONG','2','1');
Insert into SNAPSHOT (SNAPSHOT_ID,TIMESTAMP,RESPONSE_TIME,ORIG_RETURN_VALUE,ORIG_RETURN_DESC,ORIG_STATUS_ID,ORIG_REQUEST,ORIG_RESPONSE,OBSERVER_ID,ENTITY_ID) values ('171',to_timestamp('03.05.15 18:46:34,342000000','DD.MM.RR HH24:MI:SSXFF'),'8302','200','OK','1','PING site','PONG','3','3');
Insert into SNAPSHOT (SNAPSHOT_ID,TIMESTAMP,RESPONSE_TIME,ORIG_RETURN_VALUE,ORIG_RETURN_DESC,ORIG_STATUS_ID,ORIG_REQUEST,ORIG_RESPONSE,OBSERVER_ID,ENTITY_ID) values ('172',to_timestamp('03.05.15 18:46:34,406000000','DD.MM.RR HH24:MI:SSXFF'),'1870','200','OK','1','PING site','PONG','1','1');
Insert into SNAPSHOT (SNAPSHOT_ID,TIMESTAMP,RESPONSE_TIME,ORIG_RETURN_VALUE,ORIG_RETURN_DESC,ORIG_STATUS_ID,ORIG_REQUEST,ORIG_RESPONSE,OBSERVER_ID,ENTITY_ID) values ('173',to_timestamp('03.05.15 18:46:34,505000000','DD.MM.RR HH24:MI:SSXFF'),'6092','200','OK','1','PING site','PONG','2','1');
Insert into SNAPSHOT (SNAPSHOT_ID,TIMESTAMP,RESPONSE_TIME,ORIG_RETURN_VALUE,ORIG_RETURN_DESC,ORIG_STATUS_ID,ORIG_REQUEST,ORIG_RESPONSE,OBSERVER_ID,ENTITY_ID) values ('174',to_timestamp('03.05.15 18:46:44,595000000','DD.MM.RR HH24:MI:SSXFF'),'2653','200','OK','1','PING site','PONG','3','3');
Insert into SNAPSHOT (SNAPSHOT_ID,TIMESTAMP,RESPONSE_TIME,ORIG_RETURN_VALUE,ORIG_RETURN_DESC,ORIG_STATUS_ID,ORIG_REQUEST,ORIG_RESPONSE,OBSERVER_ID,ENTITY_ID) values ('175',to_timestamp('03.05.15 18:46:44,675000000','DD.MM.RR HH24:MI:SSXFF'),'3554','200','OK','1','PING site','PONG','1','1');
Insert into SNAPSHOT (SNAPSHOT_ID,TIMESTAMP,RESPONSE_TIME,ORIG_RETURN_VALUE,ORIG_RETURN_DESC,ORIG_STATUS_ID,ORIG_REQUEST,ORIG_RESPONSE,OBSERVER_ID,ENTITY_ID) values ('176',to_timestamp('03.05.15 18:46:44,788000000','DD.MM.RR HH24:MI:SSXFF'),'8806','200','OK','1','PING site','PONG','2','1');
Insert into SNAPSHOT (SNAPSHOT_ID,TIMESTAMP,RESPONSE_TIME,ORIG_RETURN_VALUE,ORIG_RETURN_DESC,ORIG_STATUS_ID,ORIG_REQUEST,ORIG_RESPONSE,OBSERVER_ID,ENTITY_ID) values ('177',to_timestamp('03.05.15 18:46:54,917000000','DD.MM.RR HH24:MI:SSXFF'),'6841','200','OK','1','PING site','PONG','3','3');
Insert into SNAPSHOT (SNAPSHOT_ID,TIMESTAMP,RESPONSE_TIME,ORIG_RETURN_VALUE,ORIG_RETURN_DESC,ORIG_STATUS_ID,ORIG_REQUEST,ORIG_RESPONSE,OBSERVER_ID,ENTITY_ID) values ('178',to_timestamp('03.05.15 18:46:54,997000000','DD.MM.RR HH24:MI:SSXFF'),'7082','200','OK','1','PING site','PONG','1','1');
Insert into SNAPSHOT (SNAPSHOT_ID,TIMESTAMP,RESPONSE_TIME,ORIG_RETURN_VALUE,ORIG_RETURN_DESC,ORIG_STATUS_ID,ORIG_REQUEST,ORIG_RESPONSE,OBSERVER_ID,ENTITY_ID) values ('179',to_timestamp('03.05.15 18:46:55,096000000','DD.MM.RR HH24:MI:SSXFF'),'6156','200','OK','1','PING site','PONG','2','1');
Insert into SNAPSHOT (SNAPSHOT_ID,TIMESTAMP,RESPONSE_TIME,ORIG_RETURN_VALUE,ORIG_RETURN_DESC,ORIG_STATUS_ID,ORIG_REQUEST,ORIG_RESPONSE,OBSERVER_ID,ENTITY_ID) values ('180',to_timestamp('03.05.15 18:47:05,213000000','DD.MM.RR HH24:MI:SSXFF'),'8737','200','OK','1','PING site','PONG','3','3');
Insert into SNAPSHOT (SNAPSHOT_ID,TIMESTAMP,RESPONSE_TIME,ORIG_RETURN_VALUE,ORIG_RETURN_DESC,ORIG_STATUS_ID,ORIG_REQUEST,ORIG_RESPONSE,OBSERVER_ID,ENTITY_ID) values ('181',to_timestamp('03.05.15 18:47:05,271000000','DD.MM.RR HH24:MI:SSXFF'),'7047','200','OK','1','PING site','PONG','1','1');
Insert into SNAPSHOT (SNAPSHOT_ID,TIMESTAMP,RESPONSE_TIME,ORIG_RETURN_VALUE,ORIG_RETURN_DESC,ORIG_STATUS_ID,ORIG_REQUEST,ORIG_RESPONSE,OBSERVER_ID,ENTITY_ID) values ('182',to_timestamp('03.05.15 18:47:05,377000000','DD.MM.RR HH24:MI:SSXFF'),'2713','200','OK','1','PING site','PONG','2','1');
Insert into SNAPSHOT (SNAPSHOT_ID,TIMESTAMP,RESPONSE_TIME,ORIG_RETURN_VALUE,ORIG_RETURN_DESC,ORIG_STATUS_ID,ORIG_REQUEST,ORIG_RESPONSE,OBSERVER_ID,ENTITY_ID) values ('183',to_timestamp('03.05.15 18:47:15,509000000','DD.MM.RR HH24:MI:SSXFF'),'5353','200','OK','1','PING site','PONG','3','3');
Insert into SNAPSHOT (SNAPSHOT_ID,TIMESTAMP,RESPONSE_TIME,ORIG_RETURN_VALUE,ORIG_RETURN_DESC,ORIG_STATUS_ID,ORIG_REQUEST,ORIG_RESPONSE,OBSERVER_ID,ENTITY_ID) values ('184',to_timestamp('03.05.15 18:47:15,626000000','DD.MM.RR HH24:MI:SSXFF'),'11070','200','OK','1','PING site','PONG','1','1');
Insert into SNAPSHOT (SNAPSHOT_ID,TIMESTAMP,RESPONSE_TIME,ORIG_RETURN_VALUE,ORIG_RETURN_DESC,ORIG_STATUS_ID,ORIG_REQUEST,ORIG_RESPONSE,OBSERVER_ID,ENTITY_ID) values ('185',to_timestamp('03.05.15 18:47:15,763000000','DD.MM.RR HH24:MI:SSXFF'),'4623','200','OK','1','PING site','PONG','2','1');
Insert into SNAPSHOT (SNAPSHOT_ID,TIMESTAMP,RESPONSE_TIME,ORIG_RETURN_VALUE,ORIG_RETURN_DESC,ORIG_STATUS_ID,ORIG_REQUEST,ORIG_RESPONSE,OBSERVER_ID,ENTITY_ID) values ('186',to_timestamp('03.05.15 18:47:25,918000000','DD.MM.RR HH24:MI:SSXFF'),'12345','200','OK','1','PING site','PONG','3','3');
Insert into SNAPSHOT (SNAPSHOT_ID,TIMESTAMP,RESPONSE_TIME,ORIG_RETURN_VALUE,ORIG_RETURN_DESC,ORIG_STATUS_ID,ORIG_REQUEST,ORIG_RESPONSE,OBSERVER_ID,ENTITY_ID) values ('187',to_timestamp('03.05.15 18:47:25,977000000','DD.MM.RR HH24:MI:SSXFF'),'10663','200','OK','1','PING site','PONG','1','1');
Insert into SNAPSHOT (SNAPSHOT_ID,TIMESTAMP,RESPONSE_TIME,ORIG_RETURN_VALUE,ORIG_RETURN_DESC,ORIG_STATUS_ID,ORIG_REQUEST,ORIG_RESPONSE,OBSERVER_ID,ENTITY_ID) values ('188',to_timestamp('03.05.15 18:47:26,130000000','DD.MM.RR HH24:MI:SSXFF'),'3083','200','OK','1','PING site','PONG','2','1');
Insert into SNAPSHOT (SNAPSHOT_ID,TIMESTAMP,RESPONSE_TIME,ORIG_RETURN_VALUE,ORIG_RETURN_DESC,ORIG_STATUS_ID,ORIG_REQUEST,ORIG_RESPONSE,OBSERVER_ID,ENTITY_ID) values ('189',to_timestamp('03.05.15 18:47:36,290000000','DD.MM.RR HH24:MI:SSXFF'),'2052','200','OK','1','PING site','PONG','3','3');
Insert into SNAPSHOT (SNAPSHOT_ID,TIMESTAMP,RESPONSE_TIME,ORIG_RETURN_VALUE,ORIG_RETURN_DESC,ORIG_STATUS_ID,ORIG_REQUEST,ORIG_RESPONSE,OBSERVER_ID,ENTITY_ID) values ('190',to_timestamp('03.05.15 18:47:36,369000000','DD.MM.RR HH24:MI:SSXFF'),'7853','200','OK','1','PING site','PONG','1','1');
Insert into SNAPSHOT (SNAPSHOT_ID,TIMESTAMP,RESPONSE_TIME,ORIG_RETURN_VALUE,ORIG_RETURN_DESC,ORIG_STATUS_ID,ORIG_REQUEST,ORIG_RESPONSE,OBSERVER_ID,ENTITY_ID) values ('191',to_timestamp('03.05.15 18:47:36,522000000','DD.MM.RR HH24:MI:SSXFF'),'2379','200','OK','1','PING site','PONG','2','1');
Insert into SNAPSHOT (SNAPSHOT_ID,TIMESTAMP,RESPONSE_TIME,ORIG_RETURN_VALUE,ORIG_RETURN_DESC,ORIG_STATUS_ID,ORIG_REQUEST,ORIG_RESPONSE,OBSERVER_ID,ENTITY_ID) values ('192',to_timestamp('03.05.15 18:47:46,698000000','DD.MM.RR HH24:MI:SSXFF'),'7200','200','OK','1','PING site','PONG','3','3');
Insert into SNAPSHOT (SNAPSHOT_ID,TIMESTAMP,RESPONSE_TIME,ORIG_RETURN_VALUE,ORIG_RETURN_DESC,ORIG_STATUS_ID,ORIG_REQUEST,ORIG_RESPONSE,OBSERVER_ID,ENTITY_ID) values ('193',to_timestamp('03.05.15 18:47:46,810000000','DD.MM.RR HH24:MI:SSXFF'),'11775','200','OK','1','PING site','PONG','1','1');
Insert into SNAPSHOT (SNAPSHOT_ID,TIMESTAMP,RESPONSE_TIME,ORIG_RETURN_VALUE,ORIG_RETURN_DESC,ORIG_STATUS_ID,ORIG_REQUEST,ORIG_RESPONSE,OBSERVER_ID,ENTITY_ID) values ('194',to_timestamp('03.05.15 18:47:46,945000000','DD.MM.RR HH24:MI:SSXFF'),'2634','200','OK','1','PING site','PONG','2','1');
Insert into SNAPSHOT (SNAPSHOT_ID,TIMESTAMP,RESPONSE_TIME,ORIG_RETURN_VALUE,ORIG_RETURN_DESC,ORIG_STATUS_ID,ORIG_REQUEST,ORIG_RESPONSE,OBSERVER_ID,ENTITY_ID) values ('195',to_timestamp('03.05.15 18:47:57,106000000','DD.MM.RR HH24:MI:SSXFF'),'8269','200','OK','1','PING site','PONG','3','3');
Insert into SNAPSHOT (SNAPSHOT_ID,TIMESTAMP,RESPONSE_TIME,ORIG_RETURN_VALUE,ORIG_RETURN_DESC,ORIG_STATUS_ID,ORIG_REQUEST,ORIG_RESPONSE,OBSERVER_ID,ENTITY_ID) values ('196',to_timestamp('03.05.15 18:47:57,181000000','DD.MM.RR HH24:MI:SSXFF'),'4884','200','OK','1','PING site','PONG','1','1');
Insert into SNAPSHOT (SNAPSHOT_ID,TIMESTAMP,RESPONSE_TIME,ORIG_RETURN_VALUE,ORIG_RETURN_DESC,ORIG_STATUS_ID,ORIG_REQUEST,ORIG_RESPONSE,OBSERVER_ID,ENTITY_ID) values ('197',to_timestamp('03.05.15 18:47:57,324000000','DD.MM.RR HH24:MI:SSXFF'),'8155','200','OK','1','PING site','PONG','2','1');
Insert into SNAPSHOT (SNAPSHOT_ID,TIMESTAMP,RESPONSE_TIME,ORIG_RETURN_VALUE,ORIG_RETURN_DESC,ORIG_STATUS_ID,ORIG_REQUEST,ORIG_RESPONSE,OBSERVER_ID,ENTITY_ID) values ('198',to_timestamp('03.05.15 18:48:07,489000000','DD.MM.RR HH24:MI:SSXFF'),'9617','200','OK','1','PING site','PONG','3','3');
Insert into SNAPSHOT (SNAPSHOT_ID,TIMESTAMP,RESPONSE_TIME,ORIG_RETURN_VALUE,ORIG_RETURN_DESC,ORIG_STATUS_ID,ORIG_REQUEST,ORIG_RESPONSE,OBSERVER_ID,ENTITY_ID) values ('199',to_timestamp('03.05.15 18:48:07,550000000','DD.MM.RR HH24:MI:SSXFF'),'11761','200','OK','1','PING site','PONG','1','1');
Insert into SNAPSHOT (SNAPSHOT_ID,TIMESTAMP,RESPONSE_TIME,ORIG_RETURN_VALUE,ORIG_RETURN_DESC,ORIG_STATUS_ID,ORIG_REQUEST,ORIG_RESPONSE,OBSERVER_ID,ENTITY_ID) values ('200',to_timestamp('03.05.15 18:48:07,834000000','DD.MM.RR HH24:MI:SSXFF'),'8365','200','OK','1','PING site','PONG','2','1');
Insert into SNAPSHOT (SNAPSHOT_ID,TIMESTAMP,RESPONSE_TIME,ORIG_RETURN_VALUE,ORIG_RETURN_DESC,ORIG_STATUS_ID,ORIG_REQUEST,ORIG_RESPONSE,OBSERVER_ID,ENTITY_ID) values ('201',to_timestamp('03.05.15 18:48:18,079000000','DD.MM.RR HH24:MI:SSXFF'),'3935','200','OK','1','PING site','PONG','3','3');
Insert into SNAPSHOT (SNAPSHOT_ID,TIMESTAMP,RESPONSE_TIME,ORIG_RETURN_VALUE,ORIG_RETURN_DESC,ORIG_STATUS_ID,ORIG_REQUEST,ORIG_RESPONSE,OBSERVER_ID,ENTITY_ID) values ('202',to_timestamp('03.05.15 18:48:18,152000000','DD.MM.RR HH24:MI:SSXFF'),'2615','200','OK','1','PING site','PONG','1','1');
Insert into SNAPSHOT (SNAPSHOT_ID,TIMESTAMP,RESPONSE_TIME,ORIG_RETURN_VALUE,ORIG_RETURN_DESC,ORIG_STATUS_ID,ORIG_REQUEST,ORIG_RESPONSE,OBSERVER_ID,ENTITY_ID) values ('203',to_timestamp('03.05.15 18:48:18,451000000','DD.MM.RR HH24:MI:SSXFF'),'11194','200','OK','1','PING site','PONG','2','1');
Insert into SNAPSHOT (SNAPSHOT_ID,TIMESTAMP,RESPONSE_TIME,ORIG_RETURN_VALUE,ORIG_RETURN_DESC,ORIG_STATUS_ID,ORIG_REQUEST,ORIG_RESPONSE,OBSERVER_ID,ENTITY_ID) values ('204',to_timestamp('03.05.15 18:48:28,856000000','DD.MM.RR HH24:MI:SSXFF'),'918','200','OK','1','PING site','PONG','3','3');
Insert into SNAPSHOT (SNAPSHOT_ID,TIMESTAMP,RESPONSE_TIME,ORIG_RETURN_VALUE,ORIG_RETURN_DESC,ORIG_STATUS_ID,ORIG_REQUEST,ORIG_RESPONSE,OBSERVER_ID,ENTITY_ID) values ('205',to_timestamp('03.05.15 18:48:29,164000000','DD.MM.RR HH24:MI:SSXFF'),'10789','200','OK','1','PING site','PONG','1','1');
Insert into SNAPSHOT (SNAPSHOT_ID,TIMESTAMP,RESPONSE_TIME,ORIG_RETURN_VALUE,ORIG_RETURN_DESC,ORIG_STATUS_ID,ORIG_REQUEST,ORIG_RESPONSE,OBSERVER_ID,ENTITY_ID) values ('206',to_timestamp('03.05.15 18:48:29,463000000','DD.MM.RR HH24:MI:SSXFF'),'8385','200','OK','1','PING site','PONG','2','1');
Insert into SNAPSHOT (SNAPSHOT_ID,TIMESTAMP,RESPONSE_TIME,ORIG_RETURN_VALUE,ORIG_RETURN_DESC,ORIG_STATUS_ID,ORIG_REQUEST,ORIG_RESPONSE,OBSERVER_ID,ENTITY_ID) values ('207',to_timestamp('03.05.15 18:48:39,746000000','DD.MM.RR HH24:MI:SSXFF'),'3276','200','OK','1','PING site','PONG','3','3');
Insert into SNAPSHOT (SNAPSHOT_ID,TIMESTAMP,RESPONSE_TIME,ORIG_RETURN_VALUE,ORIG_RETURN_DESC,ORIG_STATUS_ID,ORIG_REQUEST,ORIG_RESPONSE,OBSERVER_ID,ENTITY_ID) values ('208',to_timestamp('03.05.15 18:48:39,850000000','DD.MM.RR HH24:MI:SSXFF'),'11696','200','OK','1','PING site','PONG','1','1');
Insert into SNAPSHOT (SNAPSHOT_ID,TIMESTAMP,RESPONSE_TIME,ORIG_RETURN_VALUE,ORIG_RETURN_DESC,ORIG_STATUS_ID,ORIG_REQUEST,ORIG_RESPONSE,OBSERVER_ID,ENTITY_ID) values ('209',to_timestamp('03.05.15 18:48:39,940000000','DD.MM.RR HH24:MI:SSXFF'),'7887','200','OK','1','PING site','PONG','2','1');
Insert into SNAPSHOT (SNAPSHOT_ID,TIMESTAMP,RESPONSE_TIME,ORIG_RETURN_VALUE,ORIG_RETURN_DESC,ORIG_STATUS_ID,ORIG_REQUEST,ORIG_RESPONSE,OBSERVER_ID,ENTITY_ID) values ('210',to_timestamp('03.05.15 18:48:50,061000000','DD.MM.RR HH24:MI:SSXFF'),'11277','200','OK','1','PING site','PONG','3','3');
Insert into SNAPSHOT (SNAPSHOT_ID,TIMESTAMP,RESPONSE_TIME,ORIG_RETURN_VALUE,ORIG_RETURN_DESC,ORIG_STATUS_ID,ORIG_REQUEST,ORIG_RESPONSE,OBSERVER_ID,ENTITY_ID) values ('211',to_timestamp('03.05.15 18:48:50,330000000','DD.MM.RR HH24:MI:SSXFF'),'7126','200','OK','1','PING site','PONG','1','1');
Insert into SNAPSHOT (SNAPSHOT_ID,TIMESTAMP,RESPONSE_TIME,ORIG_RETURN_VALUE,ORIG_RETURN_DESC,ORIG_STATUS_ID,ORIG_REQUEST,ORIG_RESPONSE,OBSERVER_ID,ENTITY_ID) values ('212',to_timestamp('03.05.15 18:48:50,573000000','DD.MM.RR HH24:MI:SSXFF'),'5459','200','OK','1','PING site','PONG','2','1');
Insert into SNAPSHOT (SNAPSHOT_ID,TIMESTAMP,RESPONSE_TIME,ORIG_RETURN_VALUE,ORIG_RETURN_DESC,ORIG_STATUS_ID,ORIG_REQUEST,ORIG_RESPONSE,OBSERVER_ID,ENTITY_ID) values ('213',to_timestamp('03.05.15 18:49:00,798000000','DD.MM.RR HH24:MI:SSXFF'),'10625','200','OK','1','PING site','PONG','3','3');
Insert into SNAPSHOT (SNAPSHOT_ID,TIMESTAMP,RESPONSE_TIME,ORIG_RETURN_VALUE,ORIG_RETURN_DESC,ORIG_STATUS_ID,ORIG_REQUEST,ORIG_RESPONSE,OBSERVER_ID,ENTITY_ID) values ('214',to_timestamp('03.05.15 18:49:01,105000000','DD.MM.RR HH24:MI:SSXFF'),'4164','200','OK','1','PING site','PONG','1','1');
Insert into SNAPSHOT (SNAPSHOT_ID,TIMESTAMP,RESPONSE_TIME,ORIG_RETURN_VALUE,ORIG_RETURN_DESC,ORIG_STATUS_ID,ORIG_REQUEST,ORIG_RESPONSE,OBSERVER_ID,ENTITY_ID) values ('215',to_timestamp('03.05.15 18:49:01,404000000','DD.MM.RR HH24:MI:SSXFF'),'9955','200','OK','1','PING site','PONG','2','1');
Insert into SNAPSHOT (SNAPSHOT_ID,TIMESTAMP,RESPONSE_TIME,ORIG_RETURN_VALUE,ORIG_RETURN_DESC,ORIG_STATUS_ID,ORIG_REQUEST,ORIG_RESPONSE,OBSERVER_ID,ENTITY_ID) values ('216',to_timestamp('03.05.15 18:49:11,670000000','DD.MM.RR HH24:MI:SSXFF'),'12270','200','OK','1','PING site','PONG','3','3');
Insert into SNAPSHOT (SNAPSHOT_ID,TIMESTAMP,RESPONSE_TIME,ORIG_RETURN_VALUE,ORIG_RETURN_DESC,ORIG_STATUS_ID,ORIG_REQUEST,ORIG_RESPONSE,OBSERVER_ID,ENTITY_ID) values ('217',to_timestamp('03.05.15 18:49:11,963000000','DD.MM.RR HH24:MI:SSXFF'),'4534','200','OK','1','PING site','PONG','1','1');
Insert into SNAPSHOT (SNAPSHOT_ID,TIMESTAMP,RESPONSE_TIME,ORIG_RETURN_VALUE,ORIG_RETURN_DESC,ORIG_STATUS_ID,ORIG_REQUEST,ORIG_RESPONSE,OBSERVER_ID,ENTITY_ID) values ('218',to_timestamp('03.05.15 18:49:12,193000000','DD.MM.RR HH24:MI:SSXFF'),'700','200','OK','1','PING site','PONG','2','1');
Insert into SNAPSHOT (SNAPSHOT_ID,TIMESTAMP,RESPONSE_TIME,ORIG_RETURN_VALUE,ORIG_RETURN_DESC,ORIG_STATUS_ID,ORIG_REQUEST,ORIG_RESPONSE,OBSERVER_ID,ENTITY_ID) values ('219',to_timestamp('03.05.15 18:49:22,404000000','DD.MM.RR HH24:MI:SSXFF'),'12316','200','OK','1','PING site','PONG','3','3');
Insert into SNAPSHOT (SNAPSHOT_ID,TIMESTAMP,RESPONSE_TIME,ORIG_RETURN_VALUE,ORIG_RETURN_DESC,ORIG_STATUS_ID,ORIG_REQUEST,ORIG_RESPONSE,OBSERVER_ID,ENTITY_ID) values ('220',to_timestamp('03.05.15 18:49:22,455000000','DD.MM.RR HH24:MI:SSXFF'),'6410','200','OK','1','PING site','PONG','1','1');
Insert into SNAPSHOT (SNAPSHOT_ID,TIMESTAMP,RESPONSE_TIME,ORIG_RETURN_VALUE,ORIG_RETURN_DESC,ORIG_STATUS_ID,ORIG_REQUEST,ORIG_RESPONSE,OBSERVER_ID,ENTITY_ID) values ('221',to_timestamp('03.05.15 18:49:22,598000000','DD.MM.RR HH24:MI:SSXFF'),'5730','200','OK','1','PING site','PONG','2','1');
Insert into SNAPSHOT (SNAPSHOT_ID,TIMESTAMP,RESPONSE_TIME,ORIG_RETURN_VALUE,ORIG_RETURN_DESC,ORIG_STATUS_ID,ORIG_REQUEST,ORIG_RESPONSE,OBSERVER_ID,ENTITY_ID) values ('222',to_timestamp('03.05.15 18:49:32,717000000','DD.MM.RR HH24:MI:SSXFF'),'11970','200','OK','1','PING site','PONG','3','3');
Insert into SNAPSHOT (SNAPSHOT_ID,TIMESTAMP,RESPONSE_TIME,ORIG_RETURN_VALUE,ORIG_RETURN_DESC,ORIG_STATUS_ID,ORIG_REQUEST,ORIG_RESPONSE,OBSERVER_ID,ENTITY_ID) values ('223',to_timestamp('03.05.15 18:49:32,789000000','DD.MM.RR HH24:MI:SSXFF'),'8507','200','OK','1','PING site','PONG','1','1');
Insert into SNAPSHOT (SNAPSHOT_ID,TIMESTAMP,RESPONSE_TIME,ORIG_RETURN_VALUE,ORIG_RETURN_DESC,ORIG_STATUS_ID,ORIG_REQUEST,ORIG_RESPONSE,OBSERVER_ID,ENTITY_ID) values ('224',to_timestamp('03.05.15 18:49:32,856000000','DD.MM.RR HH24:MI:SSXFF'),'4300','200','OK','1','PING site','PONG','2','1');
Insert into SNAPSHOT (SNAPSHOT_ID,TIMESTAMP,RESPONSE_TIME,ORIG_RETURN_VALUE,ORIG_RETURN_DESC,ORIG_STATUS_ID,ORIG_REQUEST,ORIG_RESPONSE,OBSERVER_ID,ENTITY_ID) values ('225',to_timestamp('03.05.15 18:49:42,973000000','DD.MM.RR HH24:MI:SSXFF'),'10513','200','OK','1','PING site','PONG','3','3');
Insert into SNAPSHOT (SNAPSHOT_ID,TIMESTAMP,RESPONSE_TIME,ORIG_RETURN_VALUE,ORIG_RETURN_DESC,ORIG_STATUS_ID,ORIG_REQUEST,ORIG_RESPONSE,OBSERVER_ID,ENTITY_ID) values ('226',to_timestamp('03.05.15 18:49:43,094000000','DD.MM.RR HH24:MI:SSXFF'),'6765','200','OK','1','PING site','PONG','1','1');
Insert into SNAPSHOT (SNAPSHOT_ID,TIMESTAMP,RESPONSE_TIME,ORIG_RETURN_VALUE,ORIG_RETURN_DESC,ORIG_STATUS_ID,ORIG_REQUEST,ORIG_RESPONSE,OBSERVER_ID,ENTITY_ID) values ('227',to_timestamp('03.05.15 18:49:43,235000000','DD.MM.RR HH24:MI:SSXFF'),'1646','200','OK','1','PING site','PONG','2','1');
Insert into SNAPSHOT (SNAPSHOT_ID,TIMESTAMP,RESPONSE_TIME,ORIG_RETURN_VALUE,ORIG_RETURN_DESC,ORIG_STATUS_ID,ORIG_REQUEST,ORIG_RESPONSE,OBSERVER_ID,ENTITY_ID) values ('228',to_timestamp('03.05.15 18:49:53,409000000','DD.MM.RR HH24:MI:SSXFF'),'12234','200','OK','1','PING site','PONG','3','3');
Insert into SNAPSHOT (SNAPSHOT_ID,TIMESTAMP,RESPONSE_TIME,ORIG_RETURN_VALUE,ORIG_RETURN_DESC,ORIG_STATUS_ID,ORIG_REQUEST,ORIG_RESPONSE,OBSERVER_ID,ENTITY_ID) values ('229',to_timestamp('03.05.15 18:49:53,463000000','DD.MM.RR HH24:MI:SSXFF'),'7691','200','OK','1','PING site','PONG','1','1');
Insert into SNAPSHOT (SNAPSHOT_ID,TIMESTAMP,RESPONSE_TIME,ORIG_RETURN_VALUE,ORIG_RETURN_DESC,ORIG_STATUS_ID,ORIG_REQUEST,ORIG_RESPONSE,OBSERVER_ID,ENTITY_ID) values ('230',to_timestamp('03.05.15 18:49:53,514000000','DD.MM.RR HH24:MI:SSXFF'),'8677','200','OK','1','PING site','PONG','2','1');
Insert into SNAPSHOT (SNAPSHOT_ID,TIMESTAMP,RESPONSE_TIME,ORIG_RETURN_VALUE,ORIG_RETURN_DESC,ORIG_STATUS_ID,ORIG_REQUEST,ORIG_RESPONSE,OBSERVER_ID,ENTITY_ID) values ('231',to_timestamp('03.05.15 18:50:03,616000000','DD.MM.RR HH24:MI:SSXFF'),'12270','200','OK','1','PING site','PONG','3','3');
Insert into SNAPSHOT (SNAPSHOT_ID,TIMESTAMP,RESPONSE_TIME,ORIG_RETURN_VALUE,ORIG_RETURN_DESC,ORIG_STATUS_ID,ORIG_REQUEST,ORIG_RESPONSE,OBSERVER_ID,ENTITY_ID) values ('232',to_timestamp('03.05.15 18:50:03,696000000','DD.MM.RR HH24:MI:SSXFF'),'29','200','OK','1','PING site','PONG','1','1');
Insert into SNAPSHOT (SNAPSHOT_ID,TIMESTAMP,RESPONSE_TIME,ORIG_RETURN_VALUE,ORIG_RETURN_DESC,ORIG_STATUS_ID,ORIG_REQUEST,ORIG_RESPONSE,OBSERVER_ID,ENTITY_ID) values ('233',to_timestamp('03.05.15 18:50:03,868000000','DD.MM.RR HH24:MI:SSXFF'),'8341','200','OK','1','PING site','PONG','2','1');
Insert into SNAPSHOT (SNAPSHOT_ID,TIMESTAMP,RESPONSE_TIME,ORIG_RETURN_VALUE,ORIG_RETURN_DESC,ORIG_STATUS_ID,ORIG_REQUEST,ORIG_RESPONSE,OBSERVER_ID,ENTITY_ID) values ('234',to_timestamp('03.05.15 18:50:14,097000000','DD.MM.RR HH24:MI:SSXFF'),'12193','200','OK','1','PING site','PONG','3','3');
Insert into SNAPSHOT (SNAPSHOT_ID,TIMESTAMP,RESPONSE_TIME,ORIG_RETURN_VALUE,ORIG_RETURN_DESC,ORIG_STATUS_ID,ORIG_REQUEST,ORIG_RESPONSE,OBSERVER_ID,ENTITY_ID) values ('235',to_timestamp('03.05.15 18:50:14,262000000','DD.MM.RR HH24:MI:SSXFF'),'7604','200','OK','1','PING site','PONG','1','1');
Insert into SNAPSHOT (SNAPSHOT_ID,TIMESTAMP,RESPONSE_TIME,ORIG_RETURN_VALUE,ORIG_RETURN_DESC,ORIG_STATUS_ID,ORIG_REQUEST,ORIG_RESPONSE,OBSERVER_ID,ENTITY_ID) values ('236',to_timestamp('03.05.15 18:50:14,559000000','DD.MM.RR HH24:MI:SSXFF'),'7252','200','OK','1','PING site','PONG','2','1');
Insert into SNAPSHOT (SNAPSHOT_ID,TIMESTAMP,RESPONSE_TIME,ORIG_RETURN_VALUE,ORIG_RETURN_DESC,ORIG_STATUS_ID,ORIG_REQUEST,ORIG_RESPONSE,OBSERVER_ID,ENTITY_ID) values ('237',to_timestamp('03.05.15 18:50:24,862000000','DD.MM.RR HH24:MI:SSXFF'),'1749','200','OK','1','PING site','PONG','3','3');
Insert into SNAPSHOT (SNAPSHOT_ID,TIMESTAMP,RESPONSE_TIME,ORIG_RETURN_VALUE,ORIG_RETURN_DESC,ORIG_STATUS_ID,ORIG_REQUEST,ORIG_RESPONSE,OBSERVER_ID,ENTITY_ID) values ('238',to_timestamp('03.05.15 18:50:25,006000000','DD.MM.RR HH24:MI:SSXFF'),'680','200','OK','1','PING site','PONG','1','1');
Insert into SNAPSHOT (SNAPSHOT_ID,TIMESTAMP,RESPONSE_TIME,ORIG_RETURN_VALUE,ORIG_RETURN_DESC,ORIG_STATUS_ID,ORIG_REQUEST,ORIG_RESPONSE,OBSERVER_ID,ENTITY_ID) values ('239',to_timestamp('03.05.15 18:50:25,310000000','DD.MM.RR HH24:MI:SSXFF'),'9359','200','OK','1','PING site','PONG','2','1');
Insert into SNAPSHOT (SNAPSHOT_ID,TIMESTAMP,RESPONSE_TIME,ORIG_RETURN_VALUE,ORIG_RETURN_DESC,ORIG_STATUS_ID,ORIG_REQUEST,ORIG_RESPONSE,OBSERVER_ID,ENTITY_ID) values ('240',to_timestamp('03.05.15 18:50:35,626000000','DD.MM.RR HH24:MI:SSXFF'),'12673','200','OK','1','PING site','PONG','3','3');
Insert into SNAPSHOT (SNAPSHOT_ID,TIMESTAMP,RESPONSE_TIME,ORIG_RETURN_VALUE,ORIG_RETURN_DESC,ORIG_STATUS_ID,ORIG_REQUEST,ORIG_RESPONSE,OBSERVER_ID,ENTITY_ID) values ('241',to_timestamp('03.05.15 18:50:35,705000000','DD.MM.RR HH24:MI:SSXFF'),'2818','200','OK','1','PING site','PONG','1','1');
Insert into SNAPSHOT (SNAPSHOT_ID,TIMESTAMP,RESPONSE_TIME,ORIG_RETURN_VALUE,ORIG_RETURN_DESC,ORIG_STATUS_ID,ORIG_REQUEST,ORIG_RESPONSE,OBSERVER_ID,ENTITY_ID) values ('242',to_timestamp('03.05.15 18:50:35,978000000','DD.MM.RR HH24:MI:SSXFF'),'4088','200','OK','1','PING site','PONG','2','1');
Insert into SNAPSHOT (SNAPSHOT_ID,TIMESTAMP,RESPONSE_TIME,ORIG_RETURN_VALUE,ORIG_RETURN_DESC,ORIG_STATUS_ID,ORIG_REQUEST,ORIG_RESPONSE,OBSERVER_ID,ENTITY_ID) values ('243',to_timestamp('03.05.15 18:50:46,249000000','DD.MM.RR HH24:MI:SSXFF'),'564','200','OK','1','PING site','PONG','3','3');
Insert into SNAPSHOT (SNAPSHOT_ID,TIMESTAMP,RESPONSE_TIME,ORIG_RETURN_VALUE,ORIG_RETURN_DESC,ORIG_STATUS_ID,ORIG_REQUEST,ORIG_RESPONSE,OBSERVER_ID,ENTITY_ID) values ('244',to_timestamp('03.05.15 18:50:46,376000000','DD.MM.RR HH24:MI:SSXFF'),'6549','200','OK','1','PING site','PONG','1','1');
Insert into SNAPSHOT (SNAPSHOT_ID,TIMESTAMP,RESPONSE_TIME,ORIG_RETURN_VALUE,ORIG_RETURN_DESC,ORIG_STATUS_ID,ORIG_REQUEST,ORIG_RESPONSE,OBSERVER_ID,ENTITY_ID) values ('245',to_timestamp('03.05.15 18:50:46,658000000','DD.MM.RR HH24:MI:SSXFF'),'7653','200','OK','1','PING site','PONG','2','1');
Insert into SNAPSHOT (SNAPSHOT_ID,TIMESTAMP,RESPONSE_TIME,ORIG_RETURN_VALUE,ORIG_RETURN_DESC,ORIG_STATUS_ID,ORIG_REQUEST,ORIG_RESPONSE,OBSERVER_ID,ENTITY_ID) values ('246',to_timestamp('03.05.15 18:50:56,966000000','DD.MM.RR HH24:MI:SSXFF'),'7411','200','OK','1','PING site','PONG','3','3');
Insert into SNAPSHOT (SNAPSHOT_ID,TIMESTAMP,RESPONSE_TIME,ORIG_RETURN_VALUE,ORIG_RETURN_DESC,ORIG_STATUS_ID,ORIG_REQUEST,ORIG_RESPONSE,OBSERVER_ID,ENTITY_ID) values ('247',to_timestamp('03.05.15 18:50:57,253000000','DD.MM.RR HH24:MI:SSXFF'),'8450','200','OK','1','PING site','PONG','1','1');
Insert into SNAPSHOT (SNAPSHOT_ID,TIMESTAMP,RESPONSE_TIME,ORIG_RETURN_VALUE,ORIG_RETURN_DESC,ORIG_STATUS_ID,ORIG_REQUEST,ORIG_RESPONSE,OBSERVER_ID,ENTITY_ID) values ('248',to_timestamp('03.05.15 18:50:57,484000000','DD.MM.RR HH24:MI:SSXFF'),'10286','200','OK','1','PING site','PONG','2','1');
Insert into SNAPSHOT (SNAPSHOT_ID,TIMESTAMP,RESPONSE_TIME,ORIG_RETURN_VALUE,ORIG_RETURN_DESC,ORIG_STATUS_ID,ORIG_REQUEST,ORIG_RESPONSE,OBSERVER_ID,ENTITY_ID) values ('249',to_timestamp('03.05.15 18:51:07,710000000','DD.MM.RR HH24:MI:SSXFF'),'8208','200','OK','1','PING site','PONG','3','3');
Insert into SNAPSHOT (SNAPSHOT_ID,TIMESTAMP,RESPONSE_TIME,ORIG_RETURN_VALUE,ORIG_RETURN_DESC,ORIG_STATUS_ID,ORIG_REQUEST,ORIG_RESPONSE,OBSERVER_ID,ENTITY_ID) values ('250',to_timestamp('03.05.15 18:51:07,816000000','DD.MM.RR HH24:MI:SSXFF'),'11735','200','OK','1','PING site','PONG','1','1');
Insert into SNAPSHOT (SNAPSHOT_ID,TIMESTAMP,RESPONSE_TIME,ORIG_RETURN_VALUE,ORIG_RETURN_DESC,ORIG_STATUS_ID,ORIG_REQUEST,ORIG_RESPONSE,OBSERVER_ID,ENTITY_ID) values ('251',to_timestamp('03.05.15 18:51:08,123000000','DD.MM.RR HH24:MI:SSXFF'),'5312','200','OK','1','PING site','PONG','2','1');
Insert into SNAPSHOT (SNAPSHOT_ID,TIMESTAMP,RESPONSE_TIME,ORIG_RETURN_VALUE,ORIG_RETURN_DESC,ORIG_STATUS_ID,ORIG_REQUEST,ORIG_RESPONSE,OBSERVER_ID,ENTITY_ID) values ('252',to_timestamp('03.05.15 18:51:18,427000000','DD.MM.RR HH24:MI:SSXFF'),'7713','200','OK','1','PING site','PONG','3','3');
Insert into SNAPSHOT (SNAPSHOT_ID,TIMESTAMP,RESPONSE_TIME,ORIG_RETURN_VALUE,ORIG_RETURN_DESC,ORIG_STATUS_ID,ORIG_REQUEST,ORIG_RESPONSE,OBSERVER_ID,ENTITY_ID) values ('253',to_timestamp('03.05.15 18:51:18,506000000','DD.MM.RR HH24:MI:SSXFF'),'5969','200','OK','1','PING site','PONG','1','1');
Insert into SNAPSHOT (SNAPSHOT_ID,TIMESTAMP,RESPONSE_TIME,ORIG_RETURN_VALUE,ORIG_RETURN_DESC,ORIG_STATUS_ID,ORIG_REQUEST,ORIG_RESPONSE,OBSERVER_ID,ENTITY_ID) values ('254',to_timestamp('03.05.15 18:51:18,726000000','DD.MM.RR HH24:MI:SSXFF'),'6228','200','OK','1','PING site','PONG','2','1');
Insert into SNAPSHOT (SNAPSHOT_ID,TIMESTAMP,RESPONSE_TIME,ORIG_RETURN_VALUE,ORIG_RETURN_DESC,ORIG_STATUS_ID,ORIG_REQUEST,ORIG_RESPONSE,OBSERVER_ID,ENTITY_ID) values ('255',to_timestamp('03.05.15 18:51:28,924000000','DD.MM.RR HH24:MI:SSXFF'),'10286','200','OK','1','PING site','PONG','3','3');
Insert into SNAPSHOT (SNAPSHOT_ID,TIMESTAMP,RESPONSE_TIME,ORIG_RETURN_VALUE,ORIG_RETURN_DESC,ORIG_STATUS_ID,ORIG_REQUEST,ORIG_RESPONSE,OBSERVER_ID,ENTITY_ID) values ('256',to_timestamp('03.05.15 18:51:29,112000000','DD.MM.RR HH24:MI:SSXFF'),'2755','200','OK','1','PING site','PONG','1','1');
Insert into SNAPSHOT (SNAPSHOT_ID,TIMESTAMP,RESPONSE_TIME,ORIG_RETURN_VALUE,ORIG_RETURN_DESC,ORIG_STATUS_ID,ORIG_REQUEST,ORIG_RESPONSE,OBSERVER_ID,ENTITY_ID) values ('257',to_timestamp('03.05.15 18:51:29,219000000','DD.MM.RR HH24:MI:SSXFF'),'7458','200','OK','1','PING site','PONG','2','1');
Insert into SNAPSHOT (SNAPSHOT_ID,TIMESTAMP,RESPONSE_TIME,ORIG_RETURN_VALUE,ORIG_RETURN_DESC,ORIG_STATUS_ID,ORIG_REQUEST,ORIG_RESPONSE,OBSERVER_ID,ENTITY_ID) values ('258',to_timestamp('03.05.15 18:51:39,394000000','DD.MM.RR HH24:MI:SSXFF'),'3736','200','OK','1','PING site','PONG','3','3');
Insert into SNAPSHOT (SNAPSHOT_ID,TIMESTAMP,RESPONSE_TIME,ORIG_RETURN_VALUE,ORIG_RETURN_DESC,ORIG_STATUS_ID,ORIG_REQUEST,ORIG_RESPONSE,OBSERVER_ID,ENTITY_ID) values ('259',to_timestamp('03.05.15 18:51:39,627000000','DD.MM.RR HH24:MI:SSXFF'),'2005','200','OK','1','PING site','PONG','1','1');
Insert into SNAPSHOT (SNAPSHOT_ID,TIMESTAMP,RESPONSE_TIME,ORIG_RETURN_VALUE,ORIG_RETURN_DESC,ORIG_STATUS_ID,ORIG_REQUEST,ORIG_RESPONSE,OBSERVER_ID,ENTITY_ID) values ('260',to_timestamp('03.05.15 18:51:39,850000000','DD.MM.RR HH24:MI:SSXFF'),'8889','200','OK','1','PING site','PONG','2','1');
Insert into SNAPSHOT (SNAPSHOT_ID,TIMESTAMP,RESPONSE_TIME,ORIG_RETURN_VALUE,ORIG_RETURN_DESC,ORIG_STATUS_ID,ORIG_REQUEST,ORIG_RESPONSE,OBSERVER_ID,ENTITY_ID) values ('261',to_timestamp('03.05.15 18:51:50,029000000','DD.MM.RR HH24:MI:SSXFF'),'1209','200','OK','1','PING site','PONG','3','3');
Insert into SNAPSHOT (SNAPSHOT_ID,TIMESTAMP,RESPONSE_TIME,ORIG_RETURN_VALUE,ORIG_RETURN_DESC,ORIG_STATUS_ID,ORIG_REQUEST,ORIG_RESPONSE,OBSERVER_ID,ENTITY_ID) values ('262',to_timestamp('03.05.15 18:51:50,174000000','DD.MM.RR HH24:MI:SSXFF'),'10542','200','OK','1','PING site','PONG','1','1');
Insert into SNAPSHOT (SNAPSHOT_ID,TIMESTAMP,RESPONSE_TIME,ORIG_RETURN_VALUE,ORIG_RETURN_DESC,ORIG_STATUS_ID,ORIG_REQUEST,ORIG_RESPONSE,OBSERVER_ID,ENTITY_ID) values ('263',to_timestamp('03.05.15 18:51:50,478000000','DD.MM.RR HH24:MI:SSXFF'),'12476','200','OK','1','PING site','PONG','2','1');
Insert into SNAPSHOT (SNAPSHOT_ID,TIMESTAMP,RESPONSE_TIME,ORIG_RETURN_VALUE,ORIG_RETURN_DESC,ORIG_STATUS_ID,ORIG_REQUEST,ORIG_RESPONSE,OBSERVER_ID,ENTITY_ID) values ('264',to_timestamp('03.05.15 18:52:00,783000000','DD.MM.RR HH24:MI:SSXFF'),'1871','200','OK','1','PING site','PONG','3','3');
Insert into SNAPSHOT (SNAPSHOT_ID,TIMESTAMP,RESPONSE_TIME,ORIG_RETURN_VALUE,ORIG_RETURN_DESC,ORIG_STATUS_ID,ORIG_REQUEST,ORIG_RESPONSE,OBSERVER_ID,ENTITY_ID) values ('265',to_timestamp('03.05.15 18:52:00,850000000','DD.MM.RR HH24:MI:SSXFF'),'8551','200','OK','1','PING site','PONG','1','1');
Insert into SNAPSHOT (SNAPSHOT_ID,TIMESTAMP,RESPONSE_TIME,ORIG_RETURN_VALUE,ORIG_RETURN_DESC,ORIG_STATUS_ID,ORIG_REQUEST,ORIG_RESPONSE,OBSERVER_ID,ENTITY_ID) values ('266',to_timestamp('03.05.15 18:52:00,913000000','DD.MM.RR HH24:MI:SSXFF'),'7742','200','OK','1','PING site','PONG','2','1');
Insert into SNAPSHOT (SNAPSHOT_ID,TIMESTAMP,RESPONSE_TIME,ORIG_RETURN_VALUE,ORIG_RETURN_DESC,ORIG_STATUS_ID,ORIG_REQUEST,ORIG_RESPONSE,OBSERVER_ID,ENTITY_ID) values ('267',to_timestamp('03.05.15 18:52:10,997000000','DD.MM.RR HH24:MI:SSXFF'),'1360','200','OK','1','PING site','PONG','3','3');
Insert into SNAPSHOT (SNAPSHOT_ID,TIMESTAMP,RESPONSE_TIME,ORIG_RETURN_VALUE,ORIG_RETURN_DESC,ORIG_STATUS_ID,ORIG_REQUEST,ORIG_RESPONSE,OBSERVER_ID,ENTITY_ID) values ('268',to_timestamp('03.05.15 18:52:11,051000000','DD.MM.RR HH24:MI:SSXFF'),'2661','200','OK','1','PING site','PONG','1','1');
Insert into SNAPSHOT (SNAPSHOT_ID,TIMESTAMP,RESPONSE_TIME,ORIG_RETURN_VALUE,ORIG_RETURN_DESC,ORIG_STATUS_ID,ORIG_REQUEST,ORIG_RESPONSE,OBSERVER_ID,ENTITY_ID) values ('269',to_timestamp('03.05.15 18:52:11,200000000','DD.MM.RR HH24:MI:SSXFF'),'544','200','OK','1','PING site','PONG','2','1');
Insert into SNAPSHOT (SNAPSHOT_ID,TIMESTAMP,RESPONSE_TIME,ORIG_RETURN_VALUE,ORIG_RETURN_DESC,ORIG_STATUS_ID,ORIG_REQUEST,ORIG_RESPONSE,OBSERVER_ID,ENTITY_ID) values ('270',to_timestamp('03.05.15 18:52:21,380000000','DD.MM.RR HH24:MI:SSXFF'),'3869','200','OK','1','PING site','PONG','3','3');
Insert into SNAPSHOT (SNAPSHOT_ID,TIMESTAMP,RESPONSE_TIME,ORIG_RETURN_VALUE,ORIG_RETURN_DESC,ORIG_STATUS_ID,ORIG_REQUEST,ORIG_RESPONSE,OBSERVER_ID,ENTITY_ID) values ('271',to_timestamp('03.05.15 18:52:21,434000000','DD.MM.RR HH24:MI:SSXFF'),'5039','200','OK','1','PING site','PONG','1','1');
Insert into SNAPSHOT (SNAPSHOT_ID,TIMESTAMP,RESPONSE_TIME,ORIG_RETURN_VALUE,ORIG_RETURN_DESC,ORIG_STATUS_ID,ORIG_REQUEST,ORIG_RESPONSE,OBSERVER_ID,ENTITY_ID) values ('272',to_timestamp('03.05.15 18:52:21,600000000','DD.MM.RR HH24:MI:SSXFF'),'894','200','OK','1','PING site','PONG','2','1');
Insert into SNAPSHOT (SNAPSHOT_ID,TIMESTAMP,RESPONSE_TIME,ORIG_RETURN_VALUE,ORIG_RETURN_DESC,ORIG_STATUS_ID,ORIG_REQUEST,ORIG_RESPONSE,OBSERVER_ID,ENTITY_ID) values ('273',to_timestamp('03.05.15 18:52:31,790000000','DD.MM.RR HH24:MI:SSXFF'),'894','200','OK','1','PING site','PONG','3','3');
Insert into SNAPSHOT (SNAPSHOT_ID,TIMESTAMP,RESPONSE_TIME,ORIG_RETURN_VALUE,ORIG_RETURN_DESC,ORIG_STATUS_ID,ORIG_REQUEST,ORIG_RESPONSE,OBSERVER_ID,ENTITY_ID) values ('274',to_timestamp('03.05.15 18:52:31,979000000','DD.MM.RR HH24:MI:SSXFF'),'6589','200','OK','1','PING site','PONG','1','1');
Insert into SNAPSHOT (SNAPSHOT_ID,TIMESTAMP,RESPONSE_TIME,ORIG_RETURN_VALUE,ORIG_RETURN_DESC,ORIG_STATUS_ID,ORIG_REQUEST,ORIG_RESPONSE,OBSERVER_ID,ENTITY_ID) values ('275',to_timestamp('03.05.15 18:52:32,158000000','DD.MM.RR HH24:MI:SSXFF'),'3097','200','OK','1','PING site','PONG','2','1');
Insert into SNAPSHOT (SNAPSHOT_ID,TIMESTAMP,RESPONSE_TIME,ORIG_RETURN_VALUE,ORIG_RETURN_DESC,ORIG_STATUS_ID,ORIG_REQUEST,ORIG_RESPONSE,OBSERVER_ID,ENTITY_ID) values ('276',to_timestamp('03.05.15 18:52:42,305000000','DD.MM.RR HH24:MI:SSXFF'),'1530','200','OK','1','PING site','PONG','3','3');
Insert into SNAPSHOT (SNAPSHOT_ID,TIMESTAMP,RESPONSE_TIME,ORIG_RETURN_VALUE,ORIG_RETURN_DESC,ORIG_STATUS_ID,ORIG_REQUEST,ORIG_RESPONSE,OBSERVER_ID,ENTITY_ID) values ('277',to_timestamp('03.05.15 18:52:42,375000000','DD.MM.RR HH24:MI:SSXFF'),'409','200','OK','1','PING site','PONG','1','1');
Insert into SNAPSHOT (SNAPSHOT_ID,TIMESTAMP,RESPONSE_TIME,ORIG_RETURN_VALUE,ORIG_RETURN_DESC,ORIG_STATUS_ID,ORIG_REQUEST,ORIG_RESPONSE,OBSERVER_ID,ENTITY_ID) values ('278',to_timestamp('03.05.15 18:52:42,621000000','DD.MM.RR HH24:MI:SSXFF'),'1904','200','OK','1','PING site','PONG','2','1');
Insert into SNAPSHOT (SNAPSHOT_ID,TIMESTAMP,RESPONSE_TIME,ORIG_RETURN_VALUE,ORIG_RETURN_DESC,ORIG_STATUS_ID,ORIG_REQUEST,ORIG_RESPONSE,OBSERVER_ID,ENTITY_ID) values ('279',to_timestamp('03.05.15 18:52:52,869000000','DD.MM.RR HH24:MI:SSXFF'),'9547','200','OK','1','PING site','PONG','3','3');
Insert into SNAPSHOT (SNAPSHOT_ID,TIMESTAMP,RESPONSE_TIME,ORIG_RETURN_VALUE,ORIG_RETURN_DESC,ORIG_STATUS_ID,ORIG_REQUEST,ORIG_RESPONSE,OBSERVER_ID,ENTITY_ID) values ('280',to_timestamp('03.05.15 18:52:52,969000000','DD.MM.RR HH24:MI:SSXFF'),'11236','200','OK','1','PING site','PONG','1','1');
Insert into SNAPSHOT (SNAPSHOT_ID,TIMESTAMP,RESPONSE_TIME,ORIG_RETURN_VALUE,ORIG_RETURN_DESC,ORIG_STATUS_ID,ORIG_REQUEST,ORIG_RESPONSE,OBSERVER_ID,ENTITY_ID) values ('281',to_timestamp('03.05.15 18:52:53,248000000','DD.MM.RR HH24:MI:SSXFF'),'2095','200','OK','1','PING site','PONG','2','1');
Insert into SNAPSHOT (SNAPSHOT_ID,TIMESTAMP,RESPONSE_TIME,ORIG_RETURN_VALUE,ORIG_RETURN_DESC,ORIG_STATUS_ID,ORIG_REQUEST,ORIG_RESPONSE,OBSERVER_ID,ENTITY_ID) values ('282',to_timestamp('03.05.15 18:53:03,527000000','DD.MM.RR HH24:MI:SSXFF'),'8838','200','OK','1','PING site','PONG','3','3');
Insert into SNAPSHOT (SNAPSHOT_ID,TIMESTAMP,RESPONSE_TIME,ORIG_RETURN_VALUE,ORIG_RETURN_DESC,ORIG_STATUS_ID,ORIG_REQUEST,ORIG_RESPONSE,OBSERVER_ID,ENTITY_ID) values ('283',to_timestamp('03.05.15 18:53:03,606000000','DD.MM.RR HH24:MI:SSXFF'),'2465','200','OK','1','PING site','PONG','1','1');
Insert into SNAPSHOT (SNAPSHOT_ID,TIMESTAMP,RESPONSE_TIME,ORIG_RETURN_VALUE,ORIG_RETURN_DESC,ORIG_STATUS_ID,ORIG_REQUEST,ORIG_RESPONSE,OBSERVER_ID,ENTITY_ID) values ('284',to_timestamp('03.05.15 18:53:03,820000000','DD.MM.RR HH24:MI:SSXFF'),'11949','200','OK','1','PING site','PONG','2','1');
Insert into SNAPSHOT (SNAPSHOT_ID,TIMESTAMP,RESPONSE_TIME,ORIG_RETURN_VALUE,ORIG_RETURN_DESC,ORIG_STATUS_ID,ORIG_REQUEST,ORIG_RESPONSE,OBSERVER_ID,ENTITY_ID) values ('285',to_timestamp('03.05.15 18:53:14,045000000','DD.MM.RR HH24:MI:SSXFF'),'7196','200','OK','1','PING site','PONG','3','3');
Insert into SNAPSHOT (SNAPSHOT_ID,TIMESTAMP,RESPONSE_TIME,ORIG_RETURN_VALUE,ORIG_RETURN_DESC,ORIG_STATUS_ID,ORIG_REQUEST,ORIG_RESPONSE,OBSERVER_ID,ENTITY_ID) values ('286',to_timestamp('03.05.15 18:53:14,152000000','DD.MM.RR HH24:MI:SSXFF'),'1790','200','OK','1','PING site','PONG','1','1');
Insert into SNAPSHOT (SNAPSHOT_ID,TIMESTAMP,RESPONSE_TIME,ORIG_RETURN_VALUE,ORIG_RETURN_DESC,ORIG_STATUS_ID,ORIG_REQUEST,ORIG_RESPONSE,OBSERVER_ID,ENTITY_ID) values ('287',to_timestamp('03.05.15 18:53:14,292000000','DD.MM.RR HH24:MI:SSXFF'),'12423','200','OK','1','PING site','PONG','2','1');
Insert into SNAPSHOT (SNAPSHOT_ID,TIMESTAMP,RESPONSE_TIME,ORIG_RETURN_VALUE,ORIG_RETURN_DESC,ORIG_STATUS_ID,ORIG_REQUEST,ORIG_RESPONSE,OBSERVER_ID,ENTITY_ID) values ('288',to_timestamp('03.05.15 18:53:24,477000000','DD.MM.RR HH24:MI:SSXFF'),'12975','200','OK','1','PING site','PONG','3','3');
Insert into SNAPSHOT (SNAPSHOT_ID,TIMESTAMP,RESPONSE_TIME,ORIG_RETURN_VALUE,ORIG_RETURN_DESC,ORIG_STATUS_ID,ORIG_REQUEST,ORIG_RESPONSE,OBSERVER_ID,ENTITY_ID) values ('289',to_timestamp('03.05.15 18:53:24,586000000','DD.MM.RR HH24:MI:SSXFF'),'910','200','OK','1','PING site','PONG','1','1');
Insert into SNAPSHOT (SNAPSHOT_ID,TIMESTAMP,RESPONSE_TIME,ORIG_RETURN_VALUE,ORIG_RETURN_DESC,ORIG_STATUS_ID,ORIG_REQUEST,ORIG_RESPONSE,OBSERVER_ID,ENTITY_ID) values ('290',to_timestamp('03.05.15 18:53:24,732000000','DD.MM.RR HH24:MI:SSXFF'),'6840','200','OK','1','PING site','PONG','2','1');
Insert into SNAPSHOT (SNAPSHOT_ID,TIMESTAMP,RESPONSE_TIME,ORIG_RETURN_VALUE,ORIG_RETURN_DESC,ORIG_STATUS_ID,ORIG_REQUEST,ORIG_RESPONSE,OBSERVER_ID,ENTITY_ID) values ('61',to_timestamp('03.05.15 13:50:08,203000000','DD.MM.RR HH24:MI:SSXFF'),'5682','200','OK','1','PING site','PONG','1','1');
Insert into SNAPSHOT (SNAPSHOT_ID,TIMESTAMP,RESPONSE_TIME,ORIG_RETURN_VALUE,ORIG_RETURN_DESC,ORIG_STATUS_ID,ORIG_REQUEST,ORIG_RESPONSE,OBSERVER_ID,ENTITY_ID) values ('62',to_timestamp('03.05.15 13:50:09,688000000','DD.MM.RR HH24:MI:SSXFF'),'6233','200','OK','1','PING site','PONG','2','1');
Insert into SNAPSHOT (SNAPSHOT_ID,TIMESTAMP,RESPONSE_TIME,ORIG_RETURN_VALUE,ORIG_RETURN_DESC,ORIG_STATUS_ID,ORIG_REQUEST,ORIG_RESPONSE,OBSERVER_ID,ENTITY_ID) values ('63',to_timestamp('03.05.15 13:50:19,814000000','DD.MM.RR HH24:MI:SSXFF'),'3222','200','OK','1','PING site','PONG','1','1');
Insert into SNAPSHOT (SNAPSHOT_ID,TIMESTAMP,RESPONSE_TIME,ORIG_RETURN_VALUE,ORIG_RETURN_DESC,ORIG_STATUS_ID,ORIG_REQUEST,ORIG_RESPONSE,OBSERVER_ID,ENTITY_ID) values ('64',to_timestamp('03.05.15 13:50:19,918000000','DD.MM.RR HH24:MI:SSXFF'),'8520','200','OK','1','PING site','PONG','2','1');
Insert into SNAPSHOT (SNAPSHOT_ID,TIMESTAMP,RESPONSE_TIME,ORIG_RETURN_VALUE,ORIG_RETURN_DESC,ORIG_STATUS_ID,ORIG_REQUEST,ORIG_RESPONSE,OBSERVER_ID,ENTITY_ID) values ('65',to_timestamp('03.05.15 13:50:30,087000000','DD.MM.RR HH24:MI:SSXFF'),'6863','200','OK','1','PING site','PONG','1','1');
Insert into SNAPSHOT (SNAPSHOT_ID,TIMESTAMP,RESPONSE_TIME,ORIG_RETURN_VALUE,ORIG_RETURN_DESC,ORIG_STATUS_ID,ORIG_REQUEST,ORIG_RESPONSE,OBSERVER_ID,ENTITY_ID) values ('66',to_timestamp('03.05.15 13:50:30,301000000','DD.MM.RR HH24:MI:SSXFF'),'9647','200','OK','1','PING site','PONG','2','1');
Insert into SNAPSHOT (SNAPSHOT_ID,TIMESTAMP,RESPONSE_TIME,ORIG_RETURN_VALUE,ORIG_RETURN_DESC,ORIG_STATUS_ID,ORIG_REQUEST,ORIG_RESPONSE,OBSERVER_ID,ENTITY_ID) values ('67',to_timestamp('03.05.15 13:50:40,544000000','DD.MM.RR HH24:MI:SSXFF'),'1774','200','OK','1','PING site','PONG','1','1');
Insert into SNAPSHOT (SNAPSHOT_ID,TIMESTAMP,RESPONSE_TIME,ORIG_RETURN_VALUE,ORIG_RETURN_DESC,ORIG_STATUS_ID,ORIG_REQUEST,ORIG_RESPONSE,OBSERVER_ID,ENTITY_ID) values ('68',to_timestamp('03.05.15 13:50:40,755000000','DD.MM.RR HH24:MI:SSXFF'),'2963','200','OK','1','PING site','PONG','2','1');
Insert into SNAPSHOT (SNAPSHOT_ID,TIMESTAMP,RESPONSE_TIME,ORIG_RETURN_VALUE,ORIG_RETURN_DESC,ORIG_STATUS_ID,ORIG_REQUEST,ORIG_RESPONSE,OBSERVER_ID,ENTITY_ID) values ('69',to_timestamp('03.05.15 13:50:51,135000000','DD.MM.RR HH24:MI:SSXFF'),'4850','200','OK','1','PING site','PONG','1','1');
Insert into SNAPSHOT (SNAPSHOT_ID,TIMESTAMP,RESPONSE_TIME,ORIG_RETURN_VALUE,ORIG_RETURN_DESC,ORIG_STATUS_ID,ORIG_REQUEST,ORIG_RESPONSE,OBSERVER_ID,ENTITY_ID) values ('70',to_timestamp('03.05.15 13:50:51,387000000','DD.MM.RR HH24:MI:SSXFF'),'5346','200','OK','1','PING site','PONG','2','1');
Insert into SNAPSHOT (SNAPSHOT_ID,TIMESTAMP,RESPONSE_TIME,ORIG_RETURN_VALUE,ORIG_RETURN_DESC,ORIG_STATUS_ID,ORIG_REQUEST,ORIG_RESPONSE,OBSERVER_ID,ENTITY_ID) values ('71',to_timestamp('03.05.15 13:51:01,659000000','DD.MM.RR HH24:MI:SSXFF'),'1086','200','OK','1','PING site','PONG','1','1');
Insert into SNAPSHOT (SNAPSHOT_ID,TIMESTAMP,RESPONSE_TIME,ORIG_RETURN_VALUE,ORIG_RETURN_DESC,ORIG_STATUS_ID,ORIG_REQUEST,ORIG_RESPONSE,OBSERVER_ID,ENTITY_ID) values ('72',to_timestamp('03.05.15 13:51:01,773000000','DD.MM.RR HH24:MI:SSXFF'),'2226','200','OK','1','PING site','PONG','2','1');
Insert into SNAPSHOT (SNAPSHOT_ID,TIMESTAMP,RESPONSE_TIME,ORIG_RETURN_VALUE,ORIG_RETURN_DESC,ORIG_STATUS_ID,ORIG_REQUEST,ORIG_RESPONSE,OBSERVER_ID,ENTITY_ID) values ('73',to_timestamp('03.05.15 13:51:11,920000000','DD.MM.RR HH24:MI:SSXFF'),'8944','200','OK','1','PING site','PONG','1','1');
Insert into SNAPSHOT (SNAPSHOT_ID,TIMESTAMP,RESPONSE_TIME,ORIG_RETURN_VALUE,ORIG_RETURN_DESC,ORIG_STATUS_ID,ORIG_REQUEST,ORIG_RESPONSE,OBSERVER_ID,ENTITY_ID) values ('74',to_timestamp('03.05.15 13:51:11,997000000','DD.MM.RR HH24:MI:SSXFF'),'897','200','OK','1','PING site','PONG','2','1');
Insert into SNAPSHOT (SNAPSHOT_ID,TIMESTAMP,RESPONSE_TIME,ORIG_RETURN_VALUE,ORIG_RETURN_DESC,ORIG_STATUS_ID,ORIG_REQUEST,ORIG_RESPONSE,OBSERVER_ID,ENTITY_ID) values ('75',to_timestamp('03.05.15 13:51:22,219000000','DD.MM.RR HH24:MI:SSXFF'),'1559','200','OK','1','PING site','PONG','1','1');
Insert into SNAPSHOT (SNAPSHOT_ID,TIMESTAMP,RESPONSE_TIME,ORIG_RETURN_VALUE,ORIG_RETURN_DESC,ORIG_STATUS_ID,ORIG_REQUEST,ORIG_RESPONSE,OBSERVER_ID,ENTITY_ID) values ('76',to_timestamp('03.05.15 13:51:22,336000000','DD.MM.RR HH24:MI:SSXFF'),'6949','200','OK','1','PING site','PONG','2','1');
Insert into SNAPSHOT (SNAPSHOT_ID,TIMESTAMP,RESPONSE_TIME,ORIG_RETURN_VALUE,ORIG_RETURN_DESC,ORIG_STATUS_ID,ORIG_REQUEST,ORIG_RESPONSE,OBSERVER_ID,ENTITY_ID) values ('77',to_timestamp('03.05.15 13:51:32,611000000','DD.MM.RR HH24:MI:SSXFF'),'5646','200','OK','1','PING site','PONG','1','1');
Insert into SNAPSHOT (SNAPSHOT_ID,TIMESTAMP,RESPONSE_TIME,ORIG_RETURN_VALUE,ORIG_RETURN_DESC,ORIG_STATUS_ID,ORIG_REQUEST,ORIG_RESPONSE,OBSERVER_ID,ENTITY_ID) values ('78',to_timestamp('03.05.15 13:51:32,667000000','DD.MM.RR HH24:MI:SSXFF'),'9185','200','OK','1','PING site','PONG','2','1');
Insert into SNAPSHOT (SNAPSHOT_ID,TIMESTAMP,RESPONSE_TIME,ORIG_RETURN_VALUE,ORIG_RETURN_DESC,ORIG_STATUS_ID,ORIG_REQUEST,ORIG_RESPONSE,OBSERVER_ID,ENTITY_ID) values ('79',to_timestamp('03.05.15 13:51:42,853000000','DD.MM.RR HH24:MI:SSXFF'),'5280','200','OK','1','PING site','PONG','1','1');
Insert into SNAPSHOT (SNAPSHOT_ID,TIMESTAMP,RESPONSE_TIME,ORIG_RETURN_VALUE,ORIG_RETURN_DESC,ORIG_STATUS_ID,ORIG_REQUEST,ORIG_RESPONSE,OBSERVER_ID,ENTITY_ID) values ('80',to_timestamp('03.05.15 13:51:42,900000000','DD.MM.RR HH24:MI:SSXFF'),'581','200','OK','1','PING site','PONG','2','1');
Insert into SNAPSHOT (SNAPSHOT_ID,TIMESTAMP,RESPONSE_TIME,ORIG_RETURN_VALUE,ORIG_RETURN_DESC,ORIG_STATUS_ID,ORIG_REQUEST,ORIG_RESPONSE,OBSERVER_ID,ENTITY_ID) values ('81',to_timestamp('03.05.15 13:51:52,979000000','DD.MM.RR HH24:MI:SSXFF'),'812','200','OK','1','PING site','PONG','1','1');
Insert into SNAPSHOT (SNAPSHOT_ID,TIMESTAMP,RESPONSE_TIME,ORIG_RETURN_VALUE,ORIG_RETURN_DESC,ORIG_STATUS_ID,ORIG_REQUEST,ORIG_RESPONSE,OBSERVER_ID,ENTITY_ID) values ('82',to_timestamp('03.05.15 13:51:53,086000000','DD.MM.RR HH24:MI:SSXFF'),'6752','200','OK','1','PING site','PONG','2','1');
Insert into SNAPSHOT (SNAPSHOT_ID,TIMESTAMP,RESPONSE_TIME,ORIG_RETURN_VALUE,ORIG_RETURN_DESC,ORIG_STATUS_ID,ORIG_REQUEST,ORIG_RESPONSE,OBSERVER_ID,ENTITY_ID) values ('83',to_timestamp('03.05.15 13:52:03,287000000','DD.MM.RR HH24:MI:SSXFF'),'198','200','OK','1','PING site','PONG','1','1');
Insert into SNAPSHOT (SNAPSHOT_ID,TIMESTAMP,RESPONSE_TIME,ORIG_RETURN_VALUE,ORIG_RETURN_DESC,ORIG_STATUS_ID,ORIG_REQUEST,ORIG_RESPONSE,OBSERVER_ID,ENTITY_ID) values ('84',to_timestamp('03.05.15 13:52:03,343000000','DD.MM.RR HH24:MI:SSXFF'),'4506','200','OK','1','PING site','PONG','2','1');
Insert into SNAPSHOT (SNAPSHOT_ID,TIMESTAMP,RESPONSE_TIME,ORIG_RETURN_VALUE,ORIG_RETURN_DESC,ORIG_STATUS_ID,ORIG_REQUEST,ORIG_RESPONSE,OBSERVER_ID,ENTITY_ID) values ('85',to_timestamp('03.05.15 13:52:13,534000000','DD.MM.RR HH24:MI:SSXFF'),'5340','200','OK','1','PING site','PONG','1','1');
Insert into SNAPSHOT (SNAPSHOT_ID,TIMESTAMP,RESPONSE_TIME,ORIG_RETURN_VALUE,ORIG_RETURN_DESC,ORIG_STATUS_ID,ORIG_REQUEST,ORIG_RESPONSE,OBSERVER_ID,ENTITY_ID) values ('86',to_timestamp('03.05.15 13:52:13,637000000','DD.MM.RR HH24:MI:SSXFF'),'6570','200','OK','1','PING site','PONG','2','1');
Insert into SNAPSHOT (SNAPSHOT_ID,TIMESTAMP,RESPONSE_TIME,ORIG_RETURN_VALUE,ORIG_RETURN_DESC,ORIG_STATUS_ID,ORIG_REQUEST,ORIG_RESPONSE,OBSERVER_ID,ENTITY_ID) values ('87',to_timestamp('03.05.15 13:52:23,910000000','DD.MM.RR HH24:MI:SSXFF'),'2737','200','OK','1','PING site','PONG','1','1');
Insert into SNAPSHOT (SNAPSHOT_ID,TIMESTAMP,RESPONSE_TIME,ORIG_RETURN_VALUE,ORIG_RETURN_DESC,ORIG_STATUS_ID,ORIG_REQUEST,ORIG_RESPONSE,OBSERVER_ID,ENTITY_ID) values ('88',to_timestamp('03.05.15 13:52:23,962000000','DD.MM.RR HH24:MI:SSXFF'),'7932','200','OK','1','PING site','PONG','2','1');
Insert into SNAPSHOT (SNAPSHOT_ID,TIMESTAMP,RESPONSE_TIME,ORIG_RETURN_VALUE,ORIG_RETURN_DESC,ORIG_STATUS_ID,ORIG_REQUEST,ORIG_RESPONSE,OBSERVER_ID,ENTITY_ID) values ('89',to_timestamp('03.05.15 13:52:34,043000000','DD.MM.RR HH24:MI:SSXFF'),'7614','200','OK','1','PING site','PONG','1','1');
Insert into SNAPSHOT (SNAPSHOT_ID,TIMESTAMP,RESPONSE_TIME,ORIG_RETURN_VALUE,ORIG_RETURN_DESC,ORIG_STATUS_ID,ORIG_REQUEST,ORIG_RESPONSE,OBSERVER_ID,ENTITY_ID) values ('90',to_timestamp('03.05.15 13:52:34,098000000','DD.MM.RR HH24:MI:SSXFF'),'3668','200','OK','1','PING site','PONG','2','1');
Insert into SNAPSHOT (SNAPSHOT_ID,TIMESTAMP,RESPONSE_TIME,ORIG_RETURN_VALUE,ORIG_RETURN_DESC,ORIG_STATUS_ID,ORIG_REQUEST,ORIG_RESPONSE,OBSERVER_ID,ENTITY_ID) values ('91',to_timestamp('03.05.15 13:52:44,181000000','DD.MM.RR HH24:MI:SSXFF'),'5726','200','OK','1','PING site','PONG','1','1');
Insert into SNAPSHOT (SNAPSHOT_ID,TIMESTAMP,RESPONSE_TIME,ORIG_RETURN_VALUE,ORIG_RETURN_DESC,ORIG_STATUS_ID,ORIG_REQUEST,ORIG_RESPONSE,OBSERVER_ID,ENTITY_ID) values ('92',to_timestamp('03.05.15 13:52:44,228000000','DD.MM.RR HH24:MI:SSXFF'),'9318','200','OK','1','PING site','PONG','2','1');
Insert into SNAPSHOT (SNAPSHOT_ID,TIMESTAMP,RESPONSE_TIME,ORIG_RETURN_VALUE,ORIG_RETURN_DESC,ORIG_STATUS_ID,ORIG_REQUEST,ORIG_RESPONSE,OBSERVER_ID,ENTITY_ID) values ('93',to_timestamp('03.05.15 13:52:54,301000000','DD.MM.RR HH24:MI:SSXFF'),'1850','200','OK','1','PING site','PONG','1','1');
Insert into SNAPSHOT (SNAPSHOT_ID,TIMESTAMP,RESPONSE_TIME,ORIG_RETURN_VALUE,ORIG_RETURN_DESC,ORIG_STATUS_ID,ORIG_REQUEST,ORIG_RESPONSE,OBSERVER_ID,ENTITY_ID) values ('94',to_timestamp('03.05.15 13:52:54,354000000','DD.MM.RR HH24:MI:SSXFF'),'1638','200','OK','1','PING site','PONG','2','1');
Insert into SNAPSHOT (SNAPSHOT_ID,TIMESTAMP,RESPONSE_TIME,ORIG_RETURN_VALUE,ORIG_RETURN_DESC,ORIG_STATUS_ID,ORIG_REQUEST,ORIG_RESPONSE,OBSERVER_ID,ENTITY_ID) values ('95',to_timestamp('03.05.15 13:53:04,432000000','DD.MM.RR HH24:MI:SSXFF'),'6622','200','OK','1','PING site','PONG','1','1');
Insert into SNAPSHOT (SNAPSHOT_ID,TIMESTAMP,RESPONSE_TIME,ORIG_RETURN_VALUE,ORIG_RETURN_DESC,ORIG_STATUS_ID,ORIG_REQUEST,ORIG_RESPONSE,OBSERVER_ID,ENTITY_ID) values ('96',to_timestamp('03.05.15 13:53:04,487000000','DD.MM.RR HH24:MI:SSXFF'),'6198','200','OK','1','PING site','PONG','2','1');
Insert into SNAPSHOT (SNAPSHOT_ID,TIMESTAMP,RESPONSE_TIME,ORIG_RETURN_VALUE,ORIG_RETURN_DESC,ORIG_STATUS_ID,ORIG_REQUEST,ORIG_RESPONSE,OBSERVER_ID,ENTITY_ID) values ('97',to_timestamp('03.05.15 13:53:14,570000000','DD.MM.RR HH24:MI:SSXFF'),'5482','200','OK','1','PING site','PONG','1','1');
Insert into SNAPSHOT (SNAPSHOT_ID,TIMESTAMP,RESPONSE_TIME,ORIG_RETURN_VALUE,ORIG_RETURN_DESC,ORIG_STATUS_ID,ORIG_REQUEST,ORIG_RESPONSE,OBSERVER_ID,ENTITY_ID) values ('98',to_timestamp('03.05.15 13:53:14,622000000','DD.MM.RR HH24:MI:SSXFF'),'9558','200','OK','1','PING site','PONG','2','1');
Insert into SNAPSHOT (SNAPSHOT_ID,TIMESTAMP,RESPONSE_TIME,ORIG_RETURN_VALUE,ORIG_RETURN_DESC,ORIG_STATUS_ID,ORIG_REQUEST,ORIG_RESPONSE,OBSERVER_ID,ENTITY_ID) values ('99',to_timestamp('03.05.15 13:53:24,702000000','DD.MM.RR HH24:MI:SSXFF'),'6762','200','OK','1','PING site','PONG','1','1');
Insert into SNAPSHOT (SNAPSHOT_ID,TIMESTAMP,RESPONSE_TIME,ORIG_RETURN_VALUE,ORIG_RETURN_DESC,ORIG_STATUS_ID,ORIG_REQUEST,ORIG_RESPONSE,OBSERVER_ID,ENTITY_ID) values ('100',to_timestamp('03.05.15 13:53:24,763000000','DD.MM.RR HH24:MI:SSXFF'),'4513','200','OK','1','PING site','PONG','2','1');
Insert into SNAPSHOT (SNAPSHOT_ID,TIMESTAMP,RESPONSE_TIME,ORIG_RETURN_VALUE,ORIG_RETURN_DESC,ORIG_STATUS_ID,ORIG_REQUEST,ORIG_RESPONSE,OBSERVER_ID,ENTITY_ID) values ('101',to_timestamp('03.05.15 13:53:34,845000000','DD.MM.RR HH24:MI:SSXFF'),'1089','200','OK','1','PING site','PONG','1','1');
Insert into SNAPSHOT (SNAPSHOT_ID,TIMESTAMP,RESPONSE_TIME,ORIG_RETURN_VALUE,ORIG_RETURN_DESC,ORIG_STATUS_ID,ORIG_REQUEST,ORIG_RESPONSE,OBSERVER_ID,ENTITY_ID) values ('102',to_timestamp('03.05.15 13:53:34,903000000','DD.MM.RR HH24:MI:SSXFF'),'2703','200','OK','1','PING site','PONG','2','1');
Insert into SNAPSHOT (SNAPSHOT_ID,TIMESTAMP,RESPONSE_TIME,ORIG_RETURN_VALUE,ORIG_RETURN_DESC,ORIG_STATUS_ID,ORIG_REQUEST,ORIG_RESPONSE,OBSERVER_ID,ENTITY_ID) values ('103',to_timestamp('03.05.15 13:53:45,013000000','DD.MM.RR HH24:MI:SSXFF'),'8049','200','OK','1','PING site','PONG','1','1');
Insert into SNAPSHOT (SNAPSHOT_ID,TIMESTAMP,RESPONSE_TIME,ORIG_RETURN_VALUE,ORIG_RETURN_DESC,ORIG_STATUS_ID,ORIG_REQUEST,ORIG_RESPONSE,OBSERVER_ID,ENTITY_ID) values ('104',to_timestamp('03.05.15 13:53:45,064000000','DD.MM.RR HH24:MI:SSXFF'),'8084','200','OK','1','PING site','PONG','2','1');
Insert into SNAPSHOT (SNAPSHOT_ID,TIMESTAMP,RESPONSE_TIME,ORIG_RETURN_VALUE,ORIG_RETURN_DESC,ORIG_STATUS_ID,ORIG_REQUEST,ORIG_RESPONSE,OBSERVER_ID,ENTITY_ID) values ('105',to_timestamp('03.05.15 13:53:55,142000000','DD.MM.RR HH24:MI:SSXFF'),'9083','200','OK','1','PING site','PONG','1','1');
Insert into SNAPSHOT (SNAPSHOT_ID,TIMESTAMP,RESPONSE_TIME,ORIG_RETURN_VALUE,ORIG_RETURN_DESC,ORIG_STATUS_ID,ORIG_REQUEST,ORIG_RESPONSE,OBSERVER_ID,ENTITY_ID) values ('106',to_timestamp('03.05.15 13:53:55,197000000','DD.MM.RR HH24:MI:SSXFF'),'2913','200','OK','1','PING site','PONG','2','1');
Insert into SNAPSHOT (SNAPSHOT_ID,TIMESTAMP,RESPONSE_TIME,ORIG_RETURN_VALUE,ORIG_RETURN_DESC,ORIG_STATUS_ID,ORIG_REQUEST,ORIG_RESPONSE,OBSERVER_ID,ENTITY_ID) values ('107',to_timestamp('03.05.15 13:54:05,276000000','DD.MM.RR HH24:MI:SSXFF'),'0','200','OK','1','PING site','PONG','1','1');
Insert into SNAPSHOT (SNAPSHOT_ID,TIMESTAMP,RESPONSE_TIME,ORIG_RETURN_VALUE,ORIG_RETURN_DESC,ORIG_STATUS_ID,ORIG_REQUEST,ORIG_RESPONSE,OBSERVER_ID,ENTITY_ID) values ('108',to_timestamp('03.05.15 13:54:05,331000000','DD.MM.RR HH24:MI:SSXFF'),'6566','200','OK','1','PING site','PONG','2','1');
Insert into SNAPSHOT (SNAPSHOT_ID,TIMESTAMP,RESPONSE_TIME,ORIG_RETURN_VALUE,ORIG_RETURN_DESC,ORIG_STATUS_ID,ORIG_REQUEST,ORIG_RESPONSE,OBSERVER_ID,ENTITY_ID) values ('109',to_timestamp('03.05.15 13:54:15,413000000','DD.MM.RR HH24:MI:SSXFF'),'370','200','OK','1','PING site','PONG','1','1');
Insert into SNAPSHOT (SNAPSHOT_ID,TIMESTAMP,RESPONSE_TIME,ORIG_RETURN_VALUE,ORIG_RETURN_DESC,ORIG_STATUS_ID,ORIG_REQUEST,ORIG_RESPONSE,OBSERVER_ID,ENTITY_ID) values ('110',to_timestamp('03.05.15 13:54:15,465000000','DD.MM.RR HH24:MI:SSXFF'),'7873','200','OK','1','PING site','PONG','2','1');
Insert into SNAPSHOT (SNAPSHOT_ID,TIMESTAMP,RESPONSE_TIME,ORIG_RETURN_VALUE,ORIG_RETURN_DESC,ORIG_STATUS_ID,ORIG_REQUEST,ORIG_RESPONSE,OBSERVER_ID,ENTITY_ID) values ('111',to_timestamp('03.05.15 13:54:25,545000000','DD.MM.RR HH24:MI:SSXFF'),'397','200','OK','1','PING site','PONG','1','1');
Insert into SNAPSHOT (SNAPSHOT_ID,TIMESTAMP,RESPONSE_TIME,ORIG_RETURN_VALUE,ORIG_RETURN_DESC,ORIG_STATUS_ID,ORIG_REQUEST,ORIG_RESPONSE,OBSERVER_ID,ENTITY_ID) values ('112',to_timestamp('03.05.15 13:54:25,602000000','DD.MM.RR HH24:MI:SSXFF'),'3289','200','OK','1','PING site','PONG','2','1');
Insert into SNAPSHOT (SNAPSHOT_ID,TIMESTAMP,RESPONSE_TIME,ORIG_RETURN_VALUE,ORIG_RETURN_DESC,ORIG_STATUS_ID,ORIG_REQUEST,ORIG_RESPONSE,OBSERVER_ID,ENTITY_ID) values ('113',to_timestamp('03.05.15 13:54:35,679000000','DD.MM.RR HH24:MI:SSXFF'),'7130','200','OK','1','PING site','PONG','1','1');
Insert into SNAPSHOT (SNAPSHOT_ID,TIMESTAMP,RESPONSE_TIME,ORIG_RETURN_VALUE,ORIG_RETURN_DESC,ORIG_STATUS_ID,ORIG_REQUEST,ORIG_RESPONSE,OBSERVER_ID,ENTITY_ID) values ('114',to_timestamp('03.05.15 13:54:35,731000000','DD.MM.RR HH24:MI:SSXFF'),'353','200','OK','1','PING site','PONG','2','1');
Insert into SNAPSHOT (SNAPSHOT_ID,TIMESTAMP,RESPONSE_TIME,ORIG_RETURN_VALUE,ORIG_RETURN_DESC,ORIG_STATUS_ID,ORIG_REQUEST,ORIG_RESPONSE,OBSERVER_ID,ENTITY_ID) values ('115',to_timestamp('03.05.15 13:54:45,824000000','DD.MM.RR HH24:MI:SSXFF'),'6144','200','OK','1','PING site','PONG','1','1');
Insert into SNAPSHOT (SNAPSHOT_ID,TIMESTAMP,RESPONSE_TIME,ORIG_RETURN_VALUE,ORIG_RETURN_DESC,ORIG_STATUS_ID,ORIG_REQUEST,ORIG_RESPONSE,OBSERVER_ID,ENTITY_ID) values ('116',to_timestamp('03.05.15 13:54:45,901000000','DD.MM.RR HH24:MI:SSXFF'),'3039','200','OK','1','PING site','PONG','2','1');
Insert into SNAPSHOT (SNAPSHOT_ID,TIMESTAMP,RESPONSE_TIME,ORIG_RETURN_VALUE,ORIG_RETURN_DESC,ORIG_STATUS_ID,ORIG_REQUEST,ORIG_RESPONSE,OBSERVER_ID,ENTITY_ID) values ('117',to_timestamp('03.05.15 13:54:56,001000000','DD.MM.RR HH24:MI:SSXFF'),'3050','200','OK','1','PING site','PONG','1','1');
Insert into SNAPSHOT (SNAPSHOT_ID,TIMESTAMP,RESPONSE_TIME,ORIG_RETURN_VALUE,ORIG_RETURN_DESC,ORIG_STATUS_ID,ORIG_REQUEST,ORIG_RESPONSE,OBSERVER_ID,ENTITY_ID) values ('118',to_timestamp('03.05.15 13:54:56,066000000','DD.MM.RR HH24:MI:SSXFF'),'443','200','OK','1','PING site','PONG','2','1');
Insert into SNAPSHOT (SNAPSHOT_ID,TIMESTAMP,RESPONSE_TIME,ORIG_RETURN_VALUE,ORIG_RETURN_DESC,ORIG_STATUS_ID,ORIG_REQUEST,ORIG_RESPONSE,OBSERVER_ID,ENTITY_ID) values ('119',to_timestamp('03.05.15 13:55:06,153000000','DD.MM.RR HH24:MI:SSXFF'),'2495','200','OK','1','PING site','PONG','1','1');
Insert into SNAPSHOT (SNAPSHOT_ID,TIMESTAMP,RESPONSE_TIME,ORIG_RETURN_VALUE,ORIG_RETURN_DESC,ORIG_STATUS_ID,ORIG_REQUEST,ORIG_RESPONSE,OBSERVER_ID,ENTITY_ID) values ('120',to_timestamp('03.05.15 13:55:06,209000000','DD.MM.RR HH24:MI:SSXFF'),'4169','200','OK','1','PING site','PONG','2','1');
Insert into SNAPSHOT (SNAPSHOT_ID,TIMESTAMP,RESPONSE_TIME,ORIG_RETURN_VALUE,ORIG_RETURN_DESC,ORIG_STATUS_ID,ORIG_REQUEST,ORIG_RESPONSE,OBSERVER_ID,ENTITY_ID) values ('121',to_timestamp('03.05.15 13:55:16,300000000','DD.MM.RR HH24:MI:SSXFF'),'8007','200','OK','1','PING site','PONG','1','1');
Insert into SNAPSHOT (SNAPSHOT_ID,TIMESTAMP,RESPONSE_TIME,ORIG_RETURN_VALUE,ORIG_RETURN_DESC,ORIG_STATUS_ID,ORIG_REQUEST,ORIG_RESPONSE,OBSERVER_ID,ENTITY_ID) values ('122',to_timestamp('03.05.15 13:55:16,365000000','DD.MM.RR HH24:MI:SSXFF'),'1894','200','OK','1','PING site','PONG','2','1');
Insert into SNAPSHOT (SNAPSHOT_ID,TIMESTAMP,RESPONSE_TIME,ORIG_RETURN_VALUE,ORIG_RETURN_DESC,ORIG_STATUS_ID,ORIG_REQUEST,ORIG_RESPONSE,OBSERVER_ID,ENTITY_ID) values ('123',to_timestamp('03.05.15 13:55:26,457000000','DD.MM.RR HH24:MI:SSXFF'),'9044','200','OK','1','PING site','PONG','1','1');
Insert into SNAPSHOT (SNAPSHOT_ID,TIMESTAMP,RESPONSE_TIME,ORIG_RETURN_VALUE,ORIG_RETURN_DESC,ORIG_STATUS_ID,ORIG_REQUEST,ORIG_RESPONSE,OBSERVER_ID,ENTITY_ID) values ('124',to_timestamp('03.05.15 13:55:26,522000000','DD.MM.RR HH24:MI:SSXFF'),'7386','200','OK','1','PING site','PONG','2','1');
Insert into SNAPSHOT (SNAPSHOT_ID,TIMESTAMP,RESPONSE_TIME,ORIG_RETURN_VALUE,ORIG_RETURN_DESC,ORIG_STATUS_ID,ORIG_REQUEST,ORIG_RESPONSE,OBSERVER_ID,ENTITY_ID) values ('125',to_timestamp('03.05.15 13:55:36,622000000','DD.MM.RR HH24:MI:SSXFF'),'1039','200','OK','1','PING site','PONG','1','1');
Insert into SNAPSHOT (SNAPSHOT_ID,TIMESTAMP,RESPONSE_TIME,ORIG_RETURN_VALUE,ORIG_RETURN_DESC,ORIG_STATUS_ID,ORIG_REQUEST,ORIG_RESPONSE,OBSERVER_ID,ENTITY_ID) values ('126',to_timestamp('03.05.15 13:55:36,680000000','DD.MM.RR HH24:MI:SSXFF'),'6523','200','OK','1','PING site','PONG','2','1');
Insert into SNAPSHOT (SNAPSHOT_ID,TIMESTAMP,RESPONSE_TIME,ORIG_RETURN_VALUE,ORIG_RETURN_DESC,ORIG_STATUS_ID,ORIG_REQUEST,ORIG_RESPONSE,OBSERVER_ID,ENTITY_ID) values ('127',to_timestamp('03.05.15 13:55:46,788000000','DD.MM.RR HH24:MI:SSXFF'),'5837','200','OK','1','PING site','PONG','1','1');
Insert into SNAPSHOT (SNAPSHOT_ID,TIMESTAMP,RESPONSE_TIME,ORIG_RETURN_VALUE,ORIG_RETURN_DESC,ORIG_STATUS_ID,ORIG_REQUEST,ORIG_RESPONSE,OBSERVER_ID,ENTITY_ID) values ('128',to_timestamp('03.05.15 13:55:46,854000000','DD.MM.RR HH24:MI:SSXFF'),'5386','200','OK','1','PING site','PONG','2','1');
Insert into SNAPSHOT (SNAPSHOT_ID,TIMESTAMP,RESPONSE_TIME,ORIG_RETURN_VALUE,ORIG_RETURN_DESC,ORIG_STATUS_ID,ORIG_REQUEST,ORIG_RESPONSE,OBSERVER_ID,ENTITY_ID) values ('129',to_timestamp('03.05.15 13:55:56,949000000','DD.MM.RR HH24:MI:SSXFF'),'6911','200','OK','1','PING site','PONG','1','1');
Insert into SNAPSHOT (SNAPSHOT_ID,TIMESTAMP,RESPONSE_TIME,ORIG_RETURN_VALUE,ORIG_RETURN_DESC,ORIG_STATUS_ID,ORIG_REQUEST,ORIG_RESPONSE,OBSERVER_ID,ENTITY_ID) values ('130',to_timestamp('03.05.15 13:55:56,999000000','DD.MM.RR HH24:MI:SSXFF'),'5602','200','OK','1','PING site','PONG','2','1');
Insert into SNAPSHOT (SNAPSHOT_ID,TIMESTAMP,RESPONSE_TIME,ORIG_RETURN_VALUE,ORIG_RETURN_DESC,ORIG_STATUS_ID,ORIG_REQUEST,ORIG_RESPONSE,OBSERVER_ID,ENTITY_ID) values ('131',to_timestamp('03.05.15 13:56:07,084000000','DD.MM.RR HH24:MI:SSXFF'),'8480','200','OK','1','PING site','PONG','1','1');
Insert into SNAPSHOT (SNAPSHOT_ID,TIMESTAMP,RESPONSE_TIME,ORIG_RETURN_VALUE,ORIG_RETURN_DESC,ORIG_STATUS_ID,ORIG_REQUEST,ORIG_RESPONSE,OBSERVER_ID,ENTITY_ID) values ('132',to_timestamp('03.05.15 13:56:07,138000000','DD.MM.RR HH24:MI:SSXFF'),'5542','200','OK','1','PING site','PONG','2','1');
Insert into SNAPSHOT (SNAPSHOT_ID,TIMESTAMP,RESPONSE_TIME,ORIG_RETURN_VALUE,ORIG_RETURN_DESC,ORIG_STATUS_ID,ORIG_REQUEST,ORIG_RESPONSE,OBSERVER_ID,ENTITY_ID) values ('133',to_timestamp('03.05.15 13:56:17,232000000','DD.MM.RR HH24:MI:SSXFF'),'8930','200','OK','1','PING site','PONG','1','1');
Insert into SNAPSHOT (SNAPSHOT_ID,TIMESTAMP,RESPONSE_TIME,ORIG_RETURN_VALUE,ORIG_RETURN_DESC,ORIG_STATUS_ID,ORIG_REQUEST,ORIG_RESPONSE,OBSERVER_ID,ENTITY_ID) values ('134',to_timestamp('03.05.15 13:56:17,285000000','DD.MM.RR HH24:MI:SSXFF'),'6181','200','OK','1','PING site','PONG','2','1');
Insert into SNAPSHOT (SNAPSHOT_ID,TIMESTAMP,RESPONSE_TIME,ORIG_RETURN_VALUE,ORIG_RETURN_DESC,ORIG_STATUS_ID,ORIG_REQUEST,ORIG_RESPONSE,OBSERVER_ID,ENTITY_ID) values ('135',to_timestamp('03.05.15 13:56:27,362000000','DD.MM.RR HH24:MI:SSXFF'),'8984','200','OK','1','PING site','PONG','1','1');
Insert into SNAPSHOT (SNAPSHOT_ID,TIMESTAMP,RESPONSE_TIME,ORIG_RETURN_VALUE,ORIG_RETURN_DESC,ORIG_STATUS_ID,ORIG_REQUEST,ORIG_RESPONSE,OBSERVER_ID,ENTITY_ID) values ('136',to_timestamp('03.05.15 13:56:27,415000000','DD.MM.RR HH24:MI:SSXFF'),'9413','200','OK','1','PING site','PONG','2','1');
Insert into SNAPSHOT (SNAPSHOT_ID,TIMESTAMP,RESPONSE_TIME,ORIG_RETURN_VALUE,ORIG_RETURN_DESC,ORIG_STATUS_ID,ORIG_REQUEST,ORIG_RESPONSE,OBSERVER_ID,ENTITY_ID) values ('137',to_timestamp('03.05.15 13:56:37,505000000','DD.MM.RR HH24:MI:SSXFF'),'6070','200','OK','1','PING site','PONG','1','1');
Insert into SNAPSHOT (SNAPSHOT_ID,TIMESTAMP,RESPONSE_TIME,ORIG_RETURN_VALUE,ORIG_RETURN_DESC,ORIG_STATUS_ID,ORIG_REQUEST,ORIG_RESPONSE,OBSERVER_ID,ENTITY_ID) values ('138',to_timestamp('03.05.15 13:56:37,558000000','DD.MM.RR HH24:MI:SSXFF'),'7622','200','OK','1','PING site','PONG','2','1');
Insert into SNAPSHOT (SNAPSHOT_ID,TIMESTAMP,RESPONSE_TIME,ORIG_RETURN_VALUE,ORIG_RETURN_DESC,ORIG_STATUS_ID,ORIG_REQUEST,ORIG_RESPONSE,OBSERVER_ID,ENTITY_ID) values ('139',to_timestamp('03.05.15 13:56:47,641000000','DD.MM.RR HH24:MI:SSXFF'),'3248','200','OK','1','PING site','PONG','1','1');
Insert into SNAPSHOT (SNAPSHOT_ID,TIMESTAMP,RESPONSE_TIME,ORIG_RETURN_VALUE,ORIG_RETURN_DESC,ORIG_STATUS_ID,ORIG_REQUEST,ORIG_RESPONSE,OBSERVER_ID,ENTITY_ID) values ('140',to_timestamp('03.05.15 13:56:47,687000000','DD.MM.RR HH24:MI:SSXFF'),'854','200','OK','1','PING site','PONG','2','1');
Insert into SNAPSHOT (SNAPSHOT_ID,TIMESTAMP,RESPONSE_TIME,ORIG_RETURN_VALUE,ORIG_RETURN_DESC,ORIG_STATUS_ID,ORIG_REQUEST,ORIG_RESPONSE,OBSERVER_ID,ENTITY_ID) values ('141',to_timestamp('03.05.15 13:56:57,767000000','DD.MM.RR HH24:MI:SSXFF'),'1020','200','OK','1','PING site','PONG','1','1');
Insert into SNAPSHOT (SNAPSHOT_ID,TIMESTAMP,RESPONSE_TIME,ORIG_RETURN_VALUE,ORIG_RETURN_DESC,ORIG_STATUS_ID,ORIG_REQUEST,ORIG_RESPONSE,OBSERVER_ID,ENTITY_ID) values ('142',to_timestamp('03.05.15 13:56:57,821000000','DD.MM.RR HH24:MI:SSXFF'),'2812','200','OK','1','PING site','PONG','2','1');
Insert into SNAPSHOT (SNAPSHOT_ID,TIMESTAMP,RESPONSE_TIME,ORIG_RETURN_VALUE,ORIG_RETURN_DESC,ORIG_STATUS_ID,ORIG_REQUEST,ORIG_RESPONSE,OBSERVER_ID,ENTITY_ID) values ('143',to_timestamp('03.05.15 13:57:07,909000000','DD.MM.RR HH24:MI:SSXFF'),'3307','200','OK','1','PING site','PONG','1','1');
Insert into SNAPSHOT (SNAPSHOT_ID,TIMESTAMP,RESPONSE_TIME,ORIG_RETURN_VALUE,ORIG_RETURN_DESC,ORIG_STATUS_ID,ORIG_REQUEST,ORIG_RESPONSE,OBSERVER_ID,ENTITY_ID) values ('144',to_timestamp('03.05.15 13:57:07,960000000','DD.MM.RR HH24:MI:SSXFF'),'3861','200','OK','1','PING site','PONG','2','1');
Insert into SNAPSHOT (SNAPSHOT_ID,TIMESTAMP,RESPONSE_TIME,ORIG_RETURN_VALUE,ORIG_RETURN_DESC,ORIG_STATUS_ID,ORIG_REQUEST,ORIG_RESPONSE,OBSERVER_ID,ENTITY_ID) values ('145',to_timestamp('03.05.15 13:57:18,038000000','DD.MM.RR HH24:MI:SSXFF'),'9372','200','OK','1','PING site','PONG','1','1');
Insert into SNAPSHOT (SNAPSHOT_ID,TIMESTAMP,RESPONSE_TIME,ORIG_RETURN_VALUE,ORIG_RETURN_DESC,ORIG_STATUS_ID,ORIG_REQUEST,ORIG_RESPONSE,OBSERVER_ID,ENTITY_ID) values ('146',to_timestamp('03.05.15 13:57:18,091000000','DD.MM.RR HH24:MI:SSXFF'),'3017','200','OK','1','PING site','PONG','2','1');
